id,call_id,customer_name,call_timestamp,day_of_week,hour_of_day,wait_time_minutes,issue_category,resolved
1,5a8f1c11-fd8c-4d18-86bc-57ea4260140d,Jean House,2026-05-08 12:00:11.887712,Friday,12,35,Service,True
2,b15255ad-a1b6-4b70-97c4-6913457d5d9d,George Kennedy,2026-04-30 07:40:45.311334,Thursday,7,15,Billing,True
3,b7402ac3-63bf-4d77-9c3a-29906919395a,Gerald Powell MD,2026-04-24 04:17:51.773108,Friday,4,26,Technical,False
4,11ee1eed-0911-4042-9ed3-586c1f06fa4e,Logan Love,2026-05-15 00:19:08.256231,Friday,0,26,Technical,False
5,af2fa770-4980-4e67-8a49-e29b7cc0a4dd,Kayla Wright,2026-05-10 00:08:31.319231,Sunday,0,14,Technical,False
6,520bfb01-3020-42b3-b8d5-62664fa45174,Alexander Ashley,2026-04-22 06:42:03.166925,Wednesday,6,14,Service,True
7,f17e4ba4-45fd-4e78-b1bf-7013db4b17d7,Jason Fletcher,2026-05-02 00:11:31.602945,Saturday,0,12,Service,False
8,c8b304e1-0593-4153-901a-060310d23eb0,Jordan Robinson,2026-05-01 01:00:11.545783,Friday,1,25,Account,True
9,c8300ccb-5434-405f-b4b1-0b33d9164667,Maria Fernandez,2026-05-07 01:54:16.486648,Thursday,1,4,Technical,True
10,2b8b0a36-cf19-42e9-990c-c7babcbb3100,Brandon Martinez,2026-04-19 03:00:11.506325,Sunday,3,5,Service,False
11,b2237b29-0bb1-4cdf-bdbd-094a5872ddeb,Arthur Elliott,2026-05-08 11:54:10.022052,Friday,11,32,Account,False
12,436b5370-cd18-4148-8371-03204d2b83b2,Mrs. Kirsten Chambers,2026-05-17 09:31:53.869395,Sunday,9,32,Billing,True
13,f39e4946-6723-45f9-b6b4-7348e757238d,David Mullen MD,2026-04-20 04:17:30.911001,Monday,4,17,Billing,True
14,486db435-3ea5-46e2-b96e-ee2b9199a55f,Elizabeth Sanders,2026-05-12 01:55:08.673399,Tuesday,1,4,Billing,False
15,7a5998ca-0736-47d6-bee5-e9872a10f49d,Steve Hansen,2026-05-02 11:43:19.558185,Saturday,11,14,Account,False
16,512cb32e-4d60-42bb-b9a9-f281b977a8db,Megan Johnson,2026-04-25 19:53:08.833517,Saturday,19,13,Billing,True
17,e4442267-0050-4d75-a831-d47c9cf95db8,Tiffany Rose,2026-04-25 10:10:53.277336,Saturday,10,20,Account,False
18,0264c5e6-91da-44a9-8312-b1594f51b365,Sharon Bowers,2026-05-03 13:29:33.370720,Sunday,13,23,Account,False
19,706d99a3-507e-4dfe-9f39-7284405319ff,Amber Sloan,2026-05-14 01:51:49.662853,Thursday,1,5,Billing,True
20,71eb5674-a97d-4e46-8ec2-ce7b38e3f243,Melinda Cummings,2026-05-06 07:13:41.500796,Wednesday,7,8,Account,False
21,4c3e0a31-0c46-44f3-869e-cc207bde98db,Alexis Lopez,2026-04-23 13:03:56.652237,Thursday,13,28,Billing,False
22,05f2c596-d627-460c-9cf2-39138edab98c,Martha Olson,2026-05-09 06:37:38.725748,Saturday,6,11,Technical,False
23,943ddcd2-02b9-46ff-baac-8cb27ce1e833,Sarah Moyer,2026-05-12 08:08:13.428258,Tuesday,8,8,Technical,True
24,14e289ce-78c6-43c0-9997-ff6f973deea4,Jeffrey Atkinson,2026-04-28 01:27:34.551521,Tuesday,1,15,Account,True
25,8c5516f6-2aeb-4699-aa07-9bd256739098,Jennifer Dominguez,2026-04-28 17:14:29.924993,Tuesday,17,19,Billing,False
26,53142ad0-18c2-4b3e-abf2-644d68221bec,Susan Carter,2026-05-08 00:00:45.459250,Friday,0,20,Billing,True
27,122f5d13-575e-45e0-bd8a-5ed09aa5dc59,Jeffery Jackson,2026-04-28 12:04:41.118700,Tuesday,12,26,Billing,False
28,632b30a8-2867-40b8-9fe1-2021f0f44238,Glen Rivera,2026-04-20 02:57:56.348792,Monday,2,25,Billing,True
29,2d73bc0f-c1e6-4d9c-b3b2-a9181772d64d,James Gonzalez,2026-04-27 06:25:24.192949,Monday,6,16,Technical,True
30,d2c6cd3f-0752-449d-b9bd-5eceaac28cd0,Paul Thomas,2026-04-29 13:37:23.516406,Wednesday,13,19,Account,True
31,34edf86c-9f07-4edc-abad-beb10d503a87,Robert Hart,2026-04-28 05:22:22.442607,Tuesday,5,11,Service,False
32,7f07b606-17cc-40f2-ab58-264b7955b5c0,Zachary Charles,2026-05-07 00:06:10.646970,Thursday,0,13,Technical,True
33,e6188eca-8d99-42a9-919f-98f4ba02f119,Amber Stevenson,2026-04-20 08:53:27.993910,Monday,8,9,Billing,True
34,def76c85-8132-4fec-8f6f-da5a69b679a4,Chad Greer,2026-04-23 12:29:03.583879,Thursday,12,25,Account,False
35,2fb1004d-2408-4db1-830c-36b1cca8cdca,Holly Martin,2026-04-30 00:19:30.438567,Thursday,0,4,Technical,False
36,68b143d4-1095-4d33-80ba-007f2477fe2b,Tamara Simon,2026-04-20 18:37:48.958308,Monday,18,19,Billing,True
37,79e82cc0-1755-4217-96b4-d09a326cf90f,Joseph Wall,2026-05-10 23:20:46.030533,Sunday,23,11,Account,False
38,d8e0a591-fbff-49e6-b5c6-ca354cec1cb6,Jody Watson,2026-04-20 06:12:24.221756,Monday,6,8,Service,True
39,388a5a0b-2b9f-4bd9-aeee-ea0c9f27a9a9,James Smith,2026-05-05 22:46:57.260663,Tuesday,22,5,Account,False
40,7126cd5e-cc4d-4b17-b812-0f6f52db9475,Alex Henson,2026-05-04 17:10:46.064176,Monday,17,49,Billing,False
41,18e45d47-22e1-400b-803b-3d0c6de963ea,Benjamin Cross Jr.,2026-04-22 12:52:38.772244,Wednesday,12,14,Account,False
42,a3b347da-7cc1-4414-b03f-10bb6e5fec34,Jane Anderson,2026-05-06 16:49:22.033766,Wednesday,16,24,Service,False
43,34e12172-4b68-4141-b4ac-f0002e4dd40b,Jeremy Martinez,2026-05-05 09:53:56.769712,Tuesday,9,15,Service,True
44,843bdfc8-196d-4ad7-988f-bcda114cddf5,Dawn Irwin,2026-04-23 20:14:36.328768,Thursday,20,4,Billing,False
45,6e1728cf-634b-4bbd-b4d5-7654b08e7bda,Linda Daniels,2026-04-25 09:37:45.632183,Saturday,9,23,Service,False
46,014eeacf-3045-40b2-9d8a-ce558bb56bf0,Michael Davis,2026-05-10 04:06:21.269386,Sunday,4,7,Account,False
47,4e415af2-1d0c-4a2e-8673-0844948fe5c0,David Vazquez,2026-05-03 03:54:44.065069,Sunday,3,12,Account,True
48,440f4e7a-eafc-454b-9d77-294aa1529b5b,Michael Perry,2026-05-05 02:12:01.009760,Tuesday,2,7,Technical,True
49,99500add-8eca-4c7c-a628-421bd18a60c6,Frank Thomas,2026-04-29 06:42:25.740340,Wednesday,6,8,Billing,True
50,9fbe514a-3c81-4fa6-815e-721ea493d556,Frank Navarro,2026-05-10 03:18:28.044650,Sunday,3,8,Service,False
51,ffc928dd-d5aa-4d3d-b21c-508b20501b44,Katie Miller,2026-05-03 22:19:37.447794,Sunday,22,4,Billing,True
52,366df6c1-a21c-4929-a223-64faadcf5db3,Amy Harris,2026-04-29 15:35:32.957213,Wednesday,15,34,Technical,False
53,9aeb222b-564e-41fa-b655-d7134f8ee3aa,Susan Maldonado,2026-05-15 19:04:42.054384,Friday,19,12,Technical,False
54,d576ddc1-d535-4900-abd4-957a3c9ddffc,Alex Davis,2026-04-27 06:12:48.458147,Monday,6,17,Technical,False
55,de844b8c-3ed6-4c85-9bb6-2cc7232862d0,Tony Nunez,2026-05-14 16:25:54.190589,Thursday,16,27,Technical,False
56,dd54e6d9-1a5a-46e3-9323-e9209928e0bb,Tina Meyer,2026-05-05 00:55:08.940282,Tuesday,0,9,Account,True
57,2115fe7f-c1ef-4121-b768-72d6b89c087e,Amanda Lopez,2026-04-22 06:45:22.149467,Wednesday,6,13,Service,True
58,6c90a557-5a76-4c1b-91e6-54ecdc8f5c67,Jason Sparks,2026-05-07 14:10:11.169732,Thursday,14,24,Service,True
59,41b3f69b-c7bf-47bd-ba84-319fc6f66d1f,Tracy Sheppard,2026-04-29 23:42:14.590412,Wednesday,23,5,Technical,False
60,3141ea2b-0d4e-437e-8740-ee902a42a611,Erica Humphrey,2026-04-24 12:06:38.368527,Friday,12,39,Service,False
61,d0d676d2-67f3-4dec-8019-03b1184210cf,Patricia Moore,2026-04-26 07:30:06.981511,Sunday,7,6,Account,True
62,ac58d423-471e-482b-819a-14b608095d28,Justin Nguyen,2026-05-18 02:05:28.692803,Monday,2,24,Technical,False
63,cbd762e4-8c4f-4b54-b4dc-630c3b7a6fd5,Regina Marsh,2026-04-28 06:43:46.175814,Tuesday,6,3,Service,False
64,4b38ea73-9664-48a6-8f47-a58595bc0cb1,Brian Robbins,2026-05-16 15:20:28.914825,Saturday,15,11,Billing,False
65,b2a4598e-0475-45fb-bc40-16e4615835f0,Lisa James,2026-04-24 21:53:30.214800,Friday,21,11,Account,True
66,5a53a935-1f0a-4b21-ac09-eff0b4f12298,Ryan Delgado,2026-04-26 14:11:36.809633,Sunday,14,33,Service,False
67,afadc41a-8022-43dd-90a9-c3013a4a8a38,Barbara Woodward,2026-04-29 21:43:31.010420,Wednesday,21,11,Service,False
68,b3c825f8-c74b-47b3-8873-13b40d7c9327,Keith Martinez,2026-04-19 16:32:30.864374,Sunday,16,41,Account,True
69,c6583718-5b14-4e1b-b0b8-03a183c3e8ed,Ashley Jones,2026-04-27 03:05:16.900816,Monday,3,29,Service,True
70,fe3b8687-b966-48c5-8b34-f33c9d9fe71a,Wesley Ruiz,2026-04-28 12:09:57.295126,Tuesday,12,36,Service,False
71,1621e749-1c68-4e40-a779-5e2be00b3852,Mrs. Marissa Jacobs,2026-05-16 20:03:13.384426,Saturday,20,6,Technical,False
72,dfa101cd-5a32-405f-8e56-5967a68fd07a,Alexander Barnes,2026-04-19 14:47:43.861955,Sunday,14,23,Account,True
73,5d6c8515-19f6-4882-8f6d-6c1ed5d56626,Catherine Fowler,2026-05-16 16:58:27.922704,Saturday,16,38,Service,False
74,63e180fe-1b09-4e1e-9d92-a1671348ed05,William Compton,2026-04-21 12:03:16.534436,Tuesday,12,11,Service,True
75,acdcb7ec-5135-437a-ae92-a1ee863425ea,Javier Phillips,2026-04-24 22:09:46.487169,Friday,22,16,Technical,True
76,4e330360-0b5b-4f82-a4ad-9ccc6057e05e,John Cline,2026-05-14 09:34:29.214475,Thursday,9,13,Technical,True
77,480e38d5-d32c-4f4c-a160-65ee7f94c24d,Kristen Patterson,2026-04-21 05:21:43.141016,Tuesday,5,7,Service,True
78,77091e3d-41ed-4e2d-8452-df4209ff2f1b,Frank Carroll,2026-05-06 03:14:09.580897,Wednesday,3,14,Service,False
79,5494e27e-6a67-4579-b3f0-da507452d304,Melinda Hernandez,2026-05-10 19:35:08.683286,Sunday,19,12,Technical,False
80,aee69abb-86c8-4685-b625-3e0c61f0eedd,Kurt Lewis,2026-05-17 07:29:46.703310,Sunday,7,12,Account,True
81,fe56b5a8-a3fa-4ea2-b4ba-d0e681697802,Leslie Miller,2026-05-04 08:34:46.363624,Monday,8,16,Service,False
82,5507a95f-e4fa-4091-9921-b1ab44cea3c3,Christopher Flores,2026-04-24 17:29:26.432518,Friday,17,56,Technical,True
83,4661cc83-b6ae-464b-8fc8-5d4bf019a15d,Rebecca Thomas,2026-05-08 23:47:15.182250,Friday,23,14,Billing,False
84,e5040a8e-31c8-4ff2-ba83-bd0aa4146ec3,Russell Smith,2026-04-20 06:51:46.273554,Monday,6,17,Technical,True
85,73a25156-b57a-4a34-b4fe-f3ec2961e073,Catherine Garcia,2026-04-28 03:52:59.288943,Tuesday,3,15,Service,False
86,f1e1a549-af05-4ddf-9add-8cc7fdcab57a,Mary Montes,2026-04-28 15:33:28.920933,Tuesday,15,30,Service,True
87,b1b1ceab-ebc9-4244-b837-ee4df3cdea1c,Robert Bentley,2026-04-29 09:32:38.257190,Wednesday,9,35,Service,True
88,5659ef92-0dca-4994-9cbc-ba9dcf53ce57,Nicole Anderson,2026-04-26 13:40:41.058917,Sunday,13,15,Service,False
89,a3b5fb41-c2e3-421b-a70a-d41d67638fc7,Jeremy Perez,2026-05-07 13:57:51.706329,Thursday,13,45,Billing,False
90,77ae7143-8fef-4580-879e-151f33ac6288,Adam Cordova,2026-05-03 21:15:24.479025,Sunday,21,6,Account,True
91,72d6f62a-33fe-4f99-b480-50ee786b66ac,Arthur Jordan,2026-05-07 21:12:33.021994,Thursday,21,5,Technical,False
92,fe596753-279f-49b9-88aa-26c403bc90b7,Tasha Martin,2026-04-28 10:46:28.897798,Tuesday,10,45,Service,False
93,8eaef966-dcd9-42a3-b434-999913e6eff7,Tonya Duncan,2026-05-12 03:56:22.422052,Tuesday,3,14,Account,False
94,b0cbd236-8f98-42c2-9660-c394fa139979,Stephen Spence,2026-04-24 18:28:31.145263,Friday,18,9,Technical,False
95,33a7c6ce-aa23-4e10-b51e-22e12710895f,Rita Jackson,2026-05-18 10:53:45.994592,Monday,10,42,Billing,False
96,55719e3d-8cb9-4157-bad3-003578c53ee1,Carrie White,2026-04-29 13:29:24.992674,Wednesday,13,12,Technical,False
97,139e27fb-6963-47d1-8cf4-d75ee7dc7803,Tammy Leon,2026-04-25 11:26:06.428485,Saturday,11,21,Service,False
98,de10a2c8-19c6-4b96-b768-764e3ae84425,Emily Bishop,2026-04-22 15:37:15.966947,Wednesday,15,36,Billing,False
99,c5723e81-f7c6-47b0-9e91-76974a66d41a,Chelsea Phillips,2026-04-29 05:30:39.175542,Wednesday,5,7,Service,False
100,fafdedae-ff87-44c8-b477-d2d207b561bb,Kelly Mcclain,2026-05-13 06:22:45.972197,Wednesday,6,3,Billing,True
101,0748034b-c2a2-4e02-a16e-e17d6341639c,Margaret Johnson,2026-04-24 16:11:22.141482,Friday,16,43,Billing,True
102,6d2257e6-7479-4fd5-aefc-82be4d29c53e,Anthony Henry,2026-04-28 17:43:16.415132,Tuesday,17,29,Technical,False
103,3c681695-ff10-4bcd-a94d-9163259951cb,Kara Osborne,2026-04-23 08:39:22.500915,Thursday,8,8,Technical,False
104,e452b5d7-44da-4e22-b4d3-7f1528b4a697,Christy Maxwell,2026-05-03 13:02:40.604314,Sunday,13,42,Technical,True
105,6b10360d-6e9f-4d24-b399-809edf054c12,Kenneth Hahn,2026-04-30 22:27:01.228646,Thursday,22,13,Account,True
106,277457f8-cd90-4123-bfbe-db68708a0441,Thomas Wilson,2026-05-02 13:59:01.282242,Saturday,13,26,Billing,True
107,f292b022-5eee-42c9-bed3-2304bf89bf45,Jeffrey Nielsen,2026-04-18 19:30:39.836898,Saturday,19,12,Technical,False
108,ab089f68-2c4a-4044-86f5-9892e8a62bbe,Peter Edwards,2026-04-23 21:25:19.670572,Thursday,21,8,Service,False
109,cbbb8281-c288-4afd-bb51-028444c0c873,Christina Nguyen,2026-05-14 03:19:09.570558,Thursday,3,5,Account,False
110,ce6836ad-a5e4-4218-aee2-9c765def5831,Karen Blake,2026-04-25 08:45:33.633773,Saturday,8,3,Technical,False
111,711cd9e3-065a-4fdf-a960-6bb6ba3152cc,Jason Daniel,2026-05-05 07:32:15.989885,Tuesday,7,4,Billing,True
112,9fb390ae-a90e-4193-9885-e8b9b655b6c4,Curtis Nichols,2026-04-29 05:15:00.394986,Wednesday,5,3,Service,True
113,87a526a8-f05e-4318-9904-418d9d11c618,John Jackson,2026-04-30 10:45:45.368817,Thursday,10,45,Technical,True
114,4de5866d-6ac0-4a10-9b81-53f25f9e3cc5,Carlos Andrews,2026-05-14 00:51:47.480150,Thursday,0,13,Technical,True
115,c91295b1-a7ce-4435-916d-3e51523ae152,Keith Hudson,2026-04-21 00:03:29.721590,Tuesday,0,5,Billing,True
116,33f82156-7b26-4e46-9fe1-ccdd83cde954,Christian Vasquez,2026-04-28 01:11:25.667946,Tuesday,1,12,Technical,False
117,acdd7259-2036-4c05-a3d1-1c5323ce7a02,Kevin Underwood,2026-04-18 18:22:10.005635,Saturday,18,12,Technical,False
118,e97e7d44-0d22-4c96-8ffb-a771f2d60d76,Brett Velazquez,2026-05-18 08:02:11.003634,Monday,8,8,Billing,True
119,db4319b4-57b9-4ffa-9bfc-0dd31c8728c8,Kevin Phillips,2026-05-10 10:08:24.180496,Sunday,10,19,Service,False
120,f3f6e629-8487-45c7-9950-9056373cf642,Morgan Patel,2026-04-24 18:54:31.613693,Friday,18,26,Service,False
121,97494c10-ba25-49a8-9eaf-f7190620abd0,Timothy Porter,2026-04-25 18:06:29.419416,Saturday,18,11,Account,True
122,2672dcc3-17e1-4722-b0f4-998b8c1b687a,Joshua Singh,2026-05-14 05:48:21.785352,Thursday,5,5,Billing,True
123,e3ffb3b9-41b1-4c52-a576-be811f53f790,Charlene Swanson,2026-05-15 15:08:06.727978,Friday,15,34,Account,True
124,17b73996-277f-40b4-b07d-0289319d0a44,James Jackson,2026-05-17 21:36:57.251634,Sunday,21,13,Technical,False
125,3f12f8a4-7a7f-4139-ac61-92773a6e5ce5,Dale Johnson,2026-05-10 19:09:35.028399,Sunday,19,2,Technical,False
126,c0518e50-bc43-46d0-86a5-c36347a1c48b,Ian Golden,2026-05-04 20:39:33.611474,Monday,20,29,Technical,True
127,7db163d3-dcdb-4840-a08e-448ddfa86f98,Andrew Hicks,2026-04-30 14:52:35.704606,Thursday,14,10,Service,False
128,beb0e652-2429-46db-86bd-3ad67aa3373a,Tim Ingram,2026-05-03 16:49:10.175756,Sunday,16,42,Billing,False
129,2adf5eca-45cc-4864-97eb-c02f49fc2c82,Stephanie Dalton,2026-05-16 18:13:41.171555,Saturday,18,14,Technical,False
130,32f31662-6621-4ba1-bcdc-50dae171dbc8,Erin Hall,2026-04-25 03:04:45.476984,Saturday,3,10,Technical,False
131,2936fe2b-a8a0-43be-b589-93c1719624a0,Barbara Welch,2026-04-29 07:08:01.607028,Wednesday,7,14,Billing,False
132,480b6e81-a75c-424c-a337-833cbd9c6a13,Michael Martinez,2026-05-05 06:53:07.856444,Tuesday,6,8,Technical,True
133,3487d0c6-dc3e-419e-935d-bd400c690b15,Travis Ward,2026-04-25 02:59:56.144814,Saturday,2,14,Billing,False
134,da1100a1-1805-49c4-9890-527a22ef5be6,Richard Walker,2026-05-09 08:59:17.643229,Saturday,8,7,Account,False
135,161def95-41df-4913-8d4a-44709040d3ec,Danny Duncan,2026-05-06 04:24:02.693848,Wednesday,4,15,Account,False
136,e7a7e633-c0ab-4447-b0dc-94edf4d83bc3,Becky Drake,2026-04-29 23:04:13.551306,Wednesday,23,10,Technical,True
137,b3ed32fc-2492-4f84-a02e-0889b4230c49,Ashley Cole,2026-05-02 04:05:45.680764,Saturday,4,10,Technical,True
138,9c56a1bf-c1f4-4f40-a721-d1e3ada98d7a,Renee Martin,2026-05-03 11:32:36.297919,Sunday,11,15,Technical,True
139,054bc620-b083-4fb2-8cb3-89ae30fe755b,Daniel Gibbs,2026-04-23 21:38:50.263715,Thursday,21,6,Technical,False
140,2844007d-66e0-44dc-af25-dc1bfbc51f5c,Megan Romero,2026-04-27 13:49:33.645056,Monday,13,52,Service,True
141,144b906b-8a29-4e74-8b68-f8709ba14a29,Michael Scott,2026-05-13 01:03:55.671859,Wednesday,1,8,Billing,False
142,2f053962-7635-4415-ae51-8e689cd68390,Yvette Coleman,2026-05-05 22:58:36.959443,Tuesday,22,6,Service,False
143,8b4b1f5b-23fe-4c43-b93f-4c0044da2d4a,Nicholas Cooke,2026-04-21 19:16:21.627345,Tuesday,19,4,Account,False
144,78e9a1a0-dc13-4ccd-a51b-56894b15c053,David White,2026-04-23 04:02:22.297707,Thursday,4,14,Account,True
145,46d6a444-f95e-4a41-97dc-30e3ad181a0a,Mandy White,2026-04-20 20:29:04.773973,Monday,20,10,Service,False
146,0cfe6980-53fa-405b-8ca5-beab212d3b89,Jason Scott,2026-05-13 04:30:52.261506,Wednesday,4,13,Technical,False
147,bcbd822d-90d4-41c1-b4b2-7838323ada9d,Christina Santos,2026-04-25 09:54:42.135435,Saturday,9,10,Technical,True
148,301ec8a6-5673-46a4-895e-489aabf7d85c,Dennis Sandoval,2026-05-07 21:24:52.523502,Thursday,21,7,Service,True
149,c7f10333-ca61-4d5e-b8fc-b61a531e7139,Jennifer Pena,2026-05-07 22:24:24.329534,Thursday,22,10,Account,True
150,2c130c3e-c02a-4566-85e4-738faf70bd9b,Miguel Mason,2026-04-26 13:28:38.915204,Sunday,13,32,Technical,False
151,2632dc7b-bda2-42e3-b2da-5a434af042e7,Bianca Peters,2026-04-20 16:31:54.314620,Monday,16,45,Service,True
152,b6bc469d-5c99-4d3c-bd33-ef7552d34e5b,Kayla Rodriguez,2026-04-28 00:57:08.319373,Tuesday,0,2,Service,False
153,3da55844-e81a-403a-b69e-a48174613e26,James Martinez,2026-05-18 04:15:25.685731,Monday,4,12,Service,True
154,f7bc52f6-1482-49a3-8bce-f775269a1cc6,Anthony Morgan,2026-04-20 04:05:29.515378,Monday,4,27,Technical,True
155,ce95a6db-e391-4825-93cf-5962a8cc6f80,John Thompson,2026-05-06 07:40:36.526439,Wednesday,7,14,Account,True
156,de88783e-31e6-4477-b97f-5dc5dd287cd2,David Thompson,2026-04-27 00:23:53.113616,Monday,0,18,Technical,False
157,d748dc67-31ce-4c16-82aa-0bd3cf319e40,Brandon Brady,2026-05-02 20:46:48.406350,Saturday,20,6,Technical,True
158,ad84e40f-7235-47ec-bc8d-83eb12421894,Cassidy Gardner,2026-05-09 02:56:01.519660,Saturday,2,13,Billing,False
159,76bf1625-05e2-4319-88c2-6b2cefb7e66d,Brittany White,2026-05-11 22:40:41.988588,Monday,22,23,Billing,True
160,499433cd-c1b9-4d53-bbd4-cae7428342c5,Corey Page,2026-05-09 07:53:12.155116,Saturday,7,3,Billing,True
161,79c4a0ba-400a-4754-8830-2cf6aa32c27d,Zachary Quinn,2026-04-30 09:05:39.884801,Thursday,9,20,Account,False
162,7d46c1f3-fa45-4aad-831a-b497158c94ea,Toni Kirby,2026-05-16 19:00:33.376185,Saturday,19,11,Technical,False
163,fdd7059f-cf95-4b08-ab07-0afbef4e6f23,Joseph Evans,2026-04-25 22:31:39.905896,Saturday,22,10,Billing,True
164,33b22e35-2458-4890-be76-3e8ad81d0841,Jessica Stephens,2026-04-27 23:14:54.169152,Monday,23,19,Account,True
165,8f8d372a-44b3-4d16-8a7f-4fa6d0e84c5b,Kimberly Peterson,2026-05-12 08:52:12.246190,Tuesday,8,2,Technical,False
166,d2f97e98-d8c8-409f-9448-dedc46cc6184,Maurice Daniels,2026-04-23 05:20:17.084436,Thursday,5,10,Technical,True
167,1e526894-cd78-4e50-a709-ce9f4790187c,Brent Johnson,2026-04-26 23:34:46.513425,Sunday,23,9,Billing,False
168,1ccee942-b04e-4b33-b4bc-4eda75c90f6b,Jonathan Fowler,2026-04-24 21:43:10.247465,Friday,21,26,Technical,True
169,7afbbbb7-a41c-45e8-905b-0363d993dca0,Tina Cruz,2026-05-02 23:25:43.380395,Saturday,23,15,Technical,True
170,027fbce4-3545-460a-9212-8a43813b3b5f,Jeffery Reynolds,2026-04-30 03:17:43.869308,Thursday,3,13,Billing,True
171,9218a879-1f71-47c0-bf8b-9db65481da16,Jennifer Finley,2026-05-11 12:00:05.395087,Monday,12,56,Account,False
172,780a8b61-9cc7-433b-9240-86367b03a2f1,Chelsea Johnson,2026-04-28 02:23:36.564944,Tuesday,2,15,Account,False
173,93d723d3-b190-4702-8a00-0fa030265577,Kimberly Wagner,2026-05-15 04:10:56.740903,Friday,4,24,Account,True
174,8242e553-f53f-493f-89f2-b40e4dee7988,Emily Burns,2026-05-06 01:18:29.661904,Wednesday,1,14,Account,True
175,3f92b76b-5558-448f-b537-30924ccb311e,Donna Silva,2026-04-28 02:08:53.878939,Tuesday,2,6,Account,False
176,73bb3586-d48c-431c-af87-72ef453004ef,Christine Wade,2026-05-18 04:37:56.457407,Monday,4,11,Service,False
177,a2f21c2b-e1f8-4ca4-b3f1-3fbc1254ed54,John Sanchez,2026-05-11 10:37:02.448752,Monday,10,39,Account,True
178,ddd177e3-0673-4de9-b5b8-b0bbc06e7978,Dennis Burton,2026-04-28 16:55:54.294445,Tuesday,16,15,Billing,False
179,d90f6c25-2ecf-4c30-805d-cdc5a7968dff,Jeremiah Gentry,2026-05-04 00:53:59.599819,Monday,0,14,Account,False
180,41478584-8bba-4783-b728-5f41b4f212b5,Steven Reynolds,2026-04-27 09:33:06.152880,Monday,9,46,Account,True
181,5dd14499-8055-460b-b148-56effd795c5f,Stephen Dawson,2026-05-02 15:12:02.112848,Saturday,15,32,Service,False
182,50af95e7-9366-4004-82c4-3842a52a7974,Todd Payne,2026-05-01 20:44:56.879320,Friday,20,22,Billing,True
183,a2f11e1c-a22a-487a-bfa7-4eaebb3b58e8,Janet Juarez,2026-05-08 03:19:04.331510,Friday,3,23,Billing,False
184,b5341d21-13ed-465f-8226-9aa07fdb4e25,Sean Benton,2026-05-09 17:33:05.376159,Saturday,17,31,Service,False
185,ccc1c2ed-def1-4ec0-a4ca-9d682da0f3cd,Eric Freeman,2026-04-26 17:46:18.573386,Sunday,17,41,Account,True
186,b189e33b-2f19-43a5-b99f-d70bd9c10a67,Ebony James,2026-04-23 04:43:15.303135,Thursday,4,5,Service,False
187,6cc88501-77f6-489f-aeab-73e702e4ee0a,Daniel Clark,2026-05-02 12:05:34.278890,Saturday,12,10,Billing,True
188,19fb7019-db68-4814-82f3-20a79cd3b7ee,Diana Harper,2026-04-30 10:57:17.034730,Thursday,10,17,Technical,False
189,856e49f4-0f26-4222-848e-94012b78730c,Natasha Patterson,2026-05-14 17:25:42.178025,Thursday,17,43,Account,True
190,42ed3fe5-b17d-49f3-96b0-5fb0362eee54,Krista Lyons,2026-04-22 23:04:22.205302,Wednesday,23,3,Billing,False
191,137536f0-842e-4fa5-b5c0-1d6132aa767b,Andre Mann,2026-05-15 12:19:33.668105,Friday,12,22,Service,False
192,7bda1a41-35ef-423d-a434-b2fdaa88a709,Shaun Taylor,2026-04-30 10:30:07.099972,Thursday,10,40,Service,True
193,5526db93-5313-4831-bfeb-abc32eba9b16,Lisa Mata,2026-05-01 13:53:07.955366,Friday,13,59,Billing,True
194,ad0348cd-4e00-46a7-a621-9a5ab721055b,Carla Saunders,2026-05-13 01:25:14.104880,Wednesday,1,9,Technical,True
195,606af07c-34d9-4a06-9c0b-bff9653d689d,Nicholas Johnson,2026-05-15 13:16:43.859847,Friday,13,17,Technical,False
196,03a42623-6d73-4f8b-942f-ac4e99c7fd8b,Charles Weaver,2026-05-13 06:48:29.673528,Wednesday,6,11,Account,True
197,d32dd48a-acc3-4ff9-a936-8def0f24e54d,Paul Pittman,2026-04-26 04:53:56.174045,Sunday,4,12,Account,True
198,72458814-1487-446d-a152-279561551e70,Dr. Christian Williamson,2026-04-28 04:41:15.879535,Tuesday,4,7,Billing,False
199,a016171e-06a5-4e1a-93d6-8f65d74cd9d1,Gloria Clark,2026-05-07 17:31:13.924141,Thursday,17,29,Service,True
200,3388b879-3cbe-425f-bbb9-e6e4a9b707d4,Wendy Barrera,2026-05-15 15:27:26.483051,Friday,15,53,Billing,False
201,3a1b1049-6cf1-44f8-8d8e-907f0680a71e,Russell Nash,2026-05-03 15:04:36.811865,Sunday,15,11,Account,True
202,c7ca25b0-5797-4208-a503-2e1bd1ca409d,Daniel Jordan,2026-04-24 17:04:10.024578,Friday,17,41,Account,True
203,83b45389-45d9-4395-9db3-16803ccddcb5,Curtis Jones,2026-05-04 00:40:33.449778,Monday,0,19,Billing,False
204,6198cc86-8069-45be-8eaa-cbede4c478c2,Emily Sellers,2026-05-12 20:22:10.133836,Tuesday,20,13,Account,True
205,623a90ab-6ad5-4114-9767-ff1592b94f47,Michael Robinson,2026-05-04 14:29:52.728834,Monday,14,39,Service,True
206,d6e43499-2be9-4528-819f-9aee43735586,Jennifer Smith,2026-05-09 17:57:22.388471,Saturday,17,38,Technical,True
207,7c1c22af-8d36-48be-9e40-75f8066d397d,Claudia Bond,2026-04-23 18:01:04.772112,Thursday,18,2,Billing,False
208,5a95c41d-d9a9-42ae-b672-1c7c54a74599,Nicholas Ruiz,2026-05-05 01:08:29.596646,Tuesday,1,9,Account,False
209,19b46bcb-8601-4d32-8fb6-df642a5b05f0,Ronald Christian,2026-05-08 02:52:49.480317,Friday,2,21,Account,False
210,cca54e3b-0942-442c-a15b-8c16a7b58f23,Shaun Hobbs,2026-04-27 04:56:29.956161,Monday,4,26,Technical,False
211,547aabfa-1050-4dbc-83e5-a3dcc066cf36,Joseph Newman,2026-04-19 01:54:51.849864,Sunday,1,4,Service,True
212,7849292c-9849-4db4-8149-00788aac8585,Richard Meza,2026-05-12 09:41:07.362906,Tuesday,9,33,Billing,True
213,459f73bc-6fff-4d9e-968f-6359a02ca8e5,Ashley Oliver,2026-05-03 14:06:55.646803,Sunday,14,36,Billing,False
214,2e14b0f9-7121-489b-90e8-b92d799427cf,David Smith,2026-05-04 04:22:11.961406,Monday,4,22,Account,False
215,dcaec056-2768-4057-9be2-0c32146aff5f,George Foster,2026-05-10 18:30:45.592351,Sunday,18,14,Account,False
216,85216aff-8643-4f61-b99f-8657adb8de5a,Michael Cline,2026-05-01 01:16:45.089205,Friday,1,22,Account,False
217,2f1fef04-03a7-43ef-968b-9ad443922df7,Tammy Silva,2026-05-12 07:06:02.499895,Tuesday,7,11,Service,True
218,848cd6f7-1972-443d-a61a-3f53c696241c,Mary Chandler,2026-05-13 14:31:06.062615,Wednesday,14,44,Account,False
219,96910fb1-e664-4865-a85b-23c72512ac91,Kimberly Steele,2026-04-19 18:07:36.315969,Sunday,18,11,Technical,False
220,86f9eb6d-11b5-4a8f-9e3c-0a40a6785c9b,Sandra Smith,2026-04-23 09:45:13.072120,Thursday,9,25,Technical,True
221,a21e74a0-a569-4987-8e16-fb76c30be7ee,Amanda Turner,2026-05-04 01:08:46.565023,Monday,1,18,Billing,True
222,e087b0ed-9f93-4a78-a134-aedfd8b09301,James Lopez,2026-04-24 18:05:00.629891,Friday,18,14,Billing,True
223,5ec294de-ff73-43c5-a127-03b301bcbc13,Anthony Williams,2026-04-30 02:23:07.811133,Thursday,2,2,Account,False
224,2adfa534-132d-4e60-8240-1e375ad6e7e8,Kara Rose,2026-05-13 15:38:22.849563,Wednesday,15,11,Technical,True
225,742b4e84-28c9-4209-a08e-7b7b95843c76,Miranda Ward,2026-05-01 01:41:02.554693,Friday,1,13,Technical,False
226,d2ac06ff-23c4-489e-b75e-7250c74f4754,Sarah Ford,2026-05-16 23:34:11.622360,Saturday,23,4,Service,True
227,b5a7698a-31a4-4314-88d3-1bd8334ccc17,Frances Thompson,2026-05-08 17:17:20.918709,Friday,17,43,Service,False
228,5a7b08ac-ace0-4eb2-8edb-e7c31b6db2c8,Linda Anderson,2026-04-26 18:55:32.221397,Sunday,18,5,Technical,True
229,8c5f3caf-f582-45f6-a4e4-ca22672b7ca0,Richard Mcdonald,2026-04-20 05:05:08.334069,Monday,5,18,Billing,True
230,fe96f2a2-f3d9-4efd-82d0-2b25a13cfc17,Tamara Schmidt,2026-05-06 02:22:29.577260,Wednesday,2,4,Service,True
231,b78ad2c4-07ef-4f71-b330-3f3fdbc83844,Richard Ruiz,2026-04-27 04:33:18.766962,Monday,4,18,Billing,True
232,d5816c6a-6720-45ec-80fb-a7bf315b87a6,Jessica Reed,2026-05-15 12:00:29.189153,Friday,12,25,Service,False
233,76fb86e1-b9c1-4f3e-adb0-0fe8dc74111c,Tara Moody,2026-05-08 02:58:38.341810,Friday,2,26,Account,False
234,b36340e9-ad61-48ce-9179-b50dd51cfb88,Jessica Sanders,2026-05-14 13:45:10.754814,Thursday,13,40,Billing,True
235,2a51585d-95ae-48e5-a0d1-72925d7b1f54,James Yang,2026-04-22 23:08:57.291350,Wednesday,23,15,Billing,False
236,06aa4e4b-315a-439c-af42-fa1d2e14e43e,Christopher Johnson,2026-05-02 13:11:55.211019,Saturday,13,21,Billing,True
237,f9688ef4-400d-42d7-bc8a-701bd4e5cd38,Ashley Hansen,2026-04-21 02:24:02.045093,Tuesday,2,5,Service,True
238,57afa994-3f5f-4628-a1ec-00fd21dec082,Samuel Parks,2026-04-27 13:36:51.914166,Monday,13,42,Service,False
239,84f8c8a6-349f-483f-b6dd-85a951e9bc40,Jacob Fuentes,2026-05-07 19:19:56.432498,Thursday,19,10,Service,False
240,62b8877a-d4bf-41b9-853c-5544a6735cc8,Curtis Taylor,2026-04-25 03:36:25.331754,Saturday,3,5,Account,False
241,7b8f15c9-92b2-40bb-a3c3-529797eba118,Shannon Fields,2026-05-10 00:21:32.341582,Sunday,0,2,Account,False
242,e0d86071-77dc-4927-ae1d-928b02d5b844,Jeremy Carson,2026-05-01 18:04:09.941941,Friday,18,14,Technical,False
243,f0b3c5e1-6b02-4f32-83d5-63b8d9a52b6d,Jamie Fuller,2026-05-10 07:59:42.109018,Sunday,7,7,Billing,True
244,08def65f-1f58-499c-ad8a-3457e8573c7f,Douglas Schaefer,2026-04-22 19:02:02.021228,Wednesday,19,4,Account,True
245,1a340d2f-4d4d-4586-ba95-15ea5516aa3d,Michaela Vaughn,2026-05-06 12:22:36.336431,Wednesday,12,34,Billing,True
246,c4020b8f-340a-46b1-8360-83f853a1f25e,Charles Brady,2026-04-18 18:44:49.024548,Saturday,18,15,Account,False
247,04e1dab3-0faa-4133-95a0-571fcceba2be,William Holmes,2026-05-10 04:39:46.520209,Sunday,4,6,Technical,False
248,364eff26-2791-49dc-a69a-262f37a8ab21,Andrea Smith,2026-04-20 00:36:55.105439,Monday,0,17,Technical,False
249,b0cd468f-ff25-4cdf-a52b-a98a8c444567,Jamie Reilly,2026-04-21 02:42:23.553523,Tuesday,2,9,Billing,False
250,b1278433-a048-49ba-925b-3334e4ef48ff,Nicole Hogan,2026-05-18 08:58:00.170786,Monday,8,23,Service,True
251,86e63aa3-4853-4e17-941b-055d71279f5b,Richard Brown,2026-04-22 21:58:23.551466,Wednesday,21,4,Technical,True
252,976ce5f8-67d2-49cb-acbe-06a581f374c6,Kaitlyn Contreras,2026-04-20 23:55:56.086132,Monday,23,29,Service,True
253,4bc97b58-cec5-4e46-9e1a-d9aaecf803ae,Cheryl Cook,2026-04-20 08:34:08.852568,Monday,8,17,Account,False
254,61d392c9-73fe-432b-91b3-dc2ee7954887,Stephanie Jones,2026-05-06 22:26:28.269340,Wednesday,22,14,Billing,False
255,7b47665a-8658-4ecb-99ea-d608ee765520,Rose Rodriguez,2026-05-02 06:02:09.998084,Saturday,6,12,Service,True
256,4cc51b9b-3e0a-41da-b265-745feae5c319,William Rodriguez,2026-04-24 16:41:30.692466,Friday,16,31,Account,False
257,998f88ee-d4b9-4127-8c27-7a9530d7d67b,Becky Braun,2026-05-06 01:05:27.038851,Wednesday,1,12,Billing,True
258,462c18b9-54e9-429e-96fa-efea9103f66f,James Hester,2026-05-14 07:05:46.025824,Thursday,7,7,Technical,True
259,499179d3-1f96-445e-b0eb-f5c37ac111ca,Paul Coffey,2026-04-25 19:35:43.273498,Saturday,19,7,Account,True
260,d3a75352-ae69-418a-89d1-1c52fb518fd1,Richard Chandler MD,2026-05-07 17:28:11.207938,Thursday,17,35,Service,True
261,0288794b-5fb9-4e23-8200-44baf5190813,Laura Hudson,2026-04-27 20:15:39.148442,Monday,20,18,Service,False
262,45d12ae7-fab9-4a74-be23-dece6e191615,Jessica Solomon,2026-04-28 18:03:54.954584,Tuesday,18,14,Service,False
263,9862eb58-bee5-45d0-a5d2-330330705517,James Perez,2026-05-16 14:30:46.694197,Saturday,14,36,Service,False
264,b57ef730-87cc-4a22-b05b-e12cbc2082da,Dylan Hatfield,2026-05-05 17:51:11.407294,Tuesday,17,24,Service,False
265,0d6e6d91-e383-45ba-8af9-0a6e86800876,Maria Miller,2026-05-17 13:20:18.342231,Sunday,13,23,Billing,False
266,5567cb29-b2aa-458b-a768-bf3db18a4c7f,Wendy Krueger,2026-05-04 00:01:27.460522,Monday,0,16,Service,False
267,ddd3d266-d9d0-4b97-aba9-a2e101ed7734,Gary Austin,2026-05-13 11:55:52.161141,Wednesday,11,25,Technical,False
268,17ac5115-ae0b-4a8d-a677-d817b75b38d3,Valerie Allen,2026-05-17 18:11:16.004526,Sunday,18,7,Technical,True
269,7d1e9c46-33f2-4073-9728-1d9a2d7eccd7,Michael Lewis,2026-04-21 13:40:17.659633,Tuesday,13,42,Billing,False
270,febe7b6f-4204-4409-b6f6-bd7660a196cd,Meghan Brooks,2026-05-02 09:53:47.557379,Saturday,9,25,Billing,False
271,9a38479c-05c0-4800-a173-0977eb953227,Kelly Hall,2026-04-30 23:43:33.331692,Thursday,23,9,Billing,True
272,96a59010-916a-49a9-9001-d6740000ac5c,Jennifer Callahan,2026-05-10 03:19:01.203771,Sunday,3,4,Account,True
273,99c6e196-0ac3-4422-9c50-5a3635a3bd54,Kayla Terrell,2026-05-16 10:59:28.299822,Saturday,10,13,Account,True
274,cd8c3748-2704-4d25-9916-2fffcff06544,Shannon Fleming,2026-04-23 16:47:07.190507,Thursday,16,27,Billing,True
275,d25eb951-e9d0-4d2b-845b-8217243cd3ad,Michael Lara,2026-04-22 06:42:34.214410,Wednesday,6,6,Account,True
276,85077e6b-abc9-40be-a80b-8e5b48aaa3b0,Keith Sanders,2026-04-27 19:53:58.706703,Monday,19,23,Technical,True
277,d0cc6f84-bd45-4593-a360-f2e50b23698d,Christopher Peters,2026-05-18 11:47:23.015264,Monday,11,22,Service,True
278,2dac94af-52f0-4db6-b1bb-03fe818a3f37,Travis Ward,2026-04-25 22:45:24.679070,Saturday,22,13,Service,False
279,6cac7bf3-85e9-4f08-a8c8-cf3d81961dab,Katherine Carney PhD,2026-05-02 15:32:13.823564,Saturday,15,35,Technical,False
280,5f10d64d-a497-4149-bc97-0770cd0771c2,Brandon Gould,2026-04-27 05:51:14.609926,Monday,5,17,Account,False
281,69bab0fe-94bd-43c9-8d57-b23a3cb79daa,John Hays,2026-05-14 23:22:22.789383,Thursday,23,6,Technical,True
282,ad49495c-d33d-40c7-88ff-642de7f66c31,Morgan Weber,2026-04-24 08:24:09.293281,Friday,8,12,Account,False
283,fe2175b3-824a-42ee-8915-5b380de86fe1,Fernando Vincent,2026-05-17 11:31:54.116951,Sunday,11,36,Service,True
284,b4e84070-5229-4363-9e76-e0721bf97374,Daniel Bryan,2026-05-13 08:59:28.069792,Wednesday,8,5,Service,True
285,0acd8e01-906a-4e94-8b28-5fab97a21846,Keith Gonzalez,2026-05-16 14:27:05.076961,Saturday,14,36,Technical,True
286,081f2f31-78f6-4d46-9b62-ca81f5c4ccf1,Dr. John Lutz,2026-05-16 19:03:24.737132,Saturday,19,8,Technical,False
287,09219c38-50bc-4671-8762-c2c2268bfabb,Katie Taylor,2026-05-17 22:06:30.955793,Sunday,22,5,Technical,False
288,c27a8480-29f4-4a9f-b3bb-874d04c7e572,Judy Jones MD,2026-05-05 22:38:00.276159,Tuesday,22,6,Service,True
289,7cf84d01-c2e6-448b-aaa0-b2a86b92fe22,Sarah Jones,2026-05-15 03:45:41.550255,Friday,3,21,Billing,False
290,98634699-b52d-4679-9afe-feca76ba520e,Michelle Graham,2026-04-21 14:59:29.266495,Tuesday,14,36,Service,False
291,8a0f3b9f-e471-4799-ad72-4618dd73b87f,Carrie Garza,2026-05-03 16:37:46.865809,Sunday,16,25,Account,False
292,108dfe77-1e32-4d5c-822e-11e287dd7574,Anthony Singh,2026-05-03 19:57:17.174737,Sunday,19,12,Technical,False
293,9e4dc8e5-ee9a-40c7-97bc-eae23a0de65e,Thomas Nichols,2026-05-03 14:28:11.794708,Sunday,14,32,Billing,False
294,4f3aac9d-793f-4f57-970d-0adbcfe08596,Jody Thomas,2026-05-06 12:53:52.239753,Wednesday,12,33,Account,True
295,c7b6a1bd-f896-4cf6-84e9-eb25649be8eb,Lydia Richardson,2026-04-23 11:42:18.416129,Thursday,11,22,Account,False
296,2757818f-fa17-4d0b-8da0-fba4ad52e12b,Michelle Tran,2026-05-02 14:06:18.269510,Saturday,14,24,Technical,True
297,d555c48a-4580-4591-ae87-93f1368ba063,Kimberly Moore,2026-04-25 11:03:37.950049,Saturday,11,30,Technical,True
298,35303abe-0c96-4dab-8d6c-12de88241211,Michael Sullivan,2026-04-20 01:16:31.181280,Monday,1,19,Account,True
299,027e1a3f-dfad-4236-8f91-ad4dc19810df,Sonya Clark,2026-05-17 16:49:12.695204,Sunday,16,12,Account,False
300,83d725cd-176b-45f6-8df9-dd94ca62e30c,Kathy Barrera PhD,2026-04-22 13:57:55.733063,Wednesday,13,24,Technical,True
301,083e7d43-cf6b-4327-84bc-5844b72ac758,Jose Baker,2026-04-27 04:53:25.786009,Monday,4,24,Billing,False
302,74415a32-1a6d-484a-8ac1-4cf7dc66dbfb,Todd Jones,2026-05-02 18:23:27.817938,Saturday,18,2,Technical,False
303,6814a7e9-59a0-4545-b50d-03ac948f0950,Jose Hood,2026-05-01 05:59:23.234414,Friday,5,21,Service,True
304,52943977-b0c6-4081-a531-549caa157c28,Joel Daniel MD,2026-04-26 16:57:32.154458,Sunday,16,20,Account,True
305,e44353ea-660e-4598-a103-409bcde99100,Ryan Hopkins,2026-05-02 02:17:37.434686,Saturday,2,12,Service,False
306,8c201548-b1c4-457b-802b-2453727b1e6d,Tyler Crosby,2026-05-18 07:10:28.257610,Monday,7,12,Account,False
307,92a95b16-768b-47e5-a8fd-e4219bb96f9a,Samantha Fischer,2026-05-08 04:14:38.937008,Friday,4,17,Billing,True
308,dd9e873c-cc0d-48e4-bc5c-e0e4f6da5fca,Jeanette Smith,2026-05-04 11:44:59.371790,Monday,11,34,Technical,True
309,c9bf7805-21df-4abc-bd0b-c497b47ed8ed,Carol Barry,2026-05-09 17:05:26.770257,Saturday,17,38,Technical,False
310,75ef6e6c-c36c-4aaa-8738-c8ebbfbf0a40,David George,2026-05-04 01:33:12.080555,Monday,1,26,Technical,True
311,3d25b9a6-0f4d-4364-b9c2-2f8f031eb072,Kenneth Williams,2026-05-04 20:51:33.903560,Monday,20,21,Billing,True
312,5ddb9694-1fe2-4518-8620-d77082f843ff,Patrick Carlson,2026-05-17 02:19:51.867392,Sunday,2,12,Billing,True
313,bfb2a02c-47ed-415e-9ea4-e4d912ec9cfe,David Garrison,2026-05-03 08:43:45.678680,Sunday,8,7,Billing,False
314,45ce0bf2-0c31-428a-b68c-ed3595449747,Bobby Allison MD,2026-05-18 09:03:01.876647,Monday,9,40,Service,False
315,c2f00953-42f2-4096-9f57-d46d6b139a93,Robert Thomas,2026-05-04 16:00:19.086905,Monday,16,21,Service,True
316,e1c76862-800a-42bf-87b1-97752dcc7293,Karen Miller,2026-04-29 14:55:34.493397,Wednesday,14,29,Billing,False
317,602ea780-d595-4970-af62-88fa11cd6955,Terry Ramos,2026-04-29 00:14:57.854951,Wednesday,0,2,Account,False
318,d12af6c1-1163-49b7-8947-07253d1bf25e,Jennifer Elliott,2026-05-11 22:55:52.267895,Monday,22,19,Service,True
319,e4adb27e-6e27-4348-9341-d053e1ff8888,Mary Callahan,2026-04-22 05:25:16.011375,Wednesday,5,11,Service,False
320,4bbd179e-aac2-4ac1-b977-f59cabe11d8a,Wendy Brown,2026-05-07 01:56:13.405793,Thursday,1,12,Billing,False
321,ba30081d-6c5f-46d0-b4d8-81e318b900e6,Jeffrey Conner,2026-05-16 14:14:48.454446,Saturday,14,32,Account,False
322,bb83aa17-a91e-4791-a0d1-5db2f5244211,Monica Woods,2026-04-28 19:21:43.594803,Tuesday,19,14,Billing,False
323,4ee6a19e-2d4a-4e07-a9ce-1b4825078bef,Matthew Small,2026-04-22 03:28:45.429846,Wednesday,3,11,Technical,True
324,6cbe4c0e-9557-449c-bc9c-035954a1c8bd,Stacey Owens,2026-04-21 00:04:21.564323,Tuesday,0,4,Account,False
325,2bd94809-b37d-4ef6-8ef7-502c24cb8c62,Cindy Smith,2026-05-06 04:07:19.402187,Wednesday,4,10,Billing,False
326,b704fd96-d0ad-410b-a2df-aadf6e3a82f1,Kenneth Brown,2026-05-03 04:21:36.537885,Sunday,4,4,Billing,True
327,047141fb-0f9a-4b3f-b0cc-54c68607794c,Kara Robinson,2026-05-16 03:39:18.976862,Saturday,3,5,Service,True
328,1d3cf50e-ef41-4d06-a23a-0d6fa1a14f3e,Crystal Miller,2026-05-05 07:58:43.362524,Tuesday,7,7,Technical,False
329,f3b66f57-b821-4580-a611-75f14fe617dd,Mrs. Megan Gonzalez,2026-05-08 17:24:18.946219,Friday,17,44,Technical,True
330,5389fc2b-2754-4905-b717-e5421ac8bca3,Kevin Green,2026-05-06 05:57:58.148021,Wednesday,5,2,Billing,False
331,8d2abe08-246c-452c-ba2d-d5d7ce4ca9ff,Jason Glover,2026-05-17 22:25:09.408018,Sunday,22,2,Billing,True
332,8fe79f58-7af4-40ab-9c1c-f167285b811c,Peter Moreno,2026-05-10 20:54:38.939014,Sunday,20,12,Billing,True
333,cd3a81dd-c4e8-4a00-8879-97698df6051e,Justin Atkinson,2026-04-28 21:26:24.372006,Tuesday,21,9,Service,True
334,da825fa7-c6e8-4d32-ba38-8b95d259b8a5,Donald Aguirre,2026-04-25 05:07:45.012740,Saturday,5,7,Account,True
335,fb94d1ff-4671-4866-b269-adb21a5764f3,Aaron Higgins,2026-04-28 06:21:46.900452,Tuesday,6,11,Technical,False
336,b000f097-14da-4e39-84f9-5eda516ffa40,Scott Flynn,2026-04-19 14:18:22.604062,Sunday,14,10,Account,True
337,b3cb4e1e-4d24-4ab6-948a-76b175fcc2d4,Chad Lee,2026-05-10 11:18:32.056336,Sunday,11,39,Account,True
338,98687ace-9ad4-4847-a700-0e68a1c7f342,Tyler Gutierrez,2026-04-27 18:16:57.942863,Monday,18,16,Account,False
339,ef6f2f62-94f7-4b80-aea1-4be548ed3626,Gina Fox,2026-05-14 02:08:47.867321,Thursday,2,7,Service,True
340,c08490b2-aec7-4a78-af3b-5b9b84f51fe3,George Jackson,2026-05-07 03:15:13.636768,Thursday,3,12,Billing,True
341,f9b8b3e1-d819-4175-a110-705fa49fbb0f,Cory Johnson,2026-04-24 10:41:32.361488,Friday,10,28,Billing,True
342,cecb9413-0727-44f3-bf58-65e85cf6b16d,Allison Myers,2026-05-14 04:18:40.011285,Thursday,4,8,Billing,True
343,455c9253-ea45-41fe-9e29-d2e9a4d1974b,Christopher Gonzalez,2026-05-16 02:15:33.343571,Saturday,2,10,Account,True
344,a49a1bee-c45f-4c55-a960-d34c4f98fce4,Katelyn Webb,2026-05-13 08:02:40.954382,Wednesday,8,15,Technical,False
345,82b1caf0-e89a-4995-9094-c775b9d74673,Jeffery Frazier,2026-04-27 23:21:46.338635,Monday,23,11,Billing,True
346,4b5d58e1-62f0-4c5c-80ea-4fbee1ac20b3,Kaitlyn Jefferson,2026-05-11 19:17:46.626102,Monday,19,16,Technical,True
347,3fb5a438-61be-4fcc-ac2e-27e2947943a2,Ronald Mercer DDS,2026-04-24 17:51:07.707839,Friday,17,52,Service,True
348,db91ed3e-17de-4e75-8813-01f4ed3f35ba,John Chambers,2026-05-02 13:54:43.219103,Saturday,13,16,Billing,True
349,7abf21fc-633c-4e0c-9307-af233a45705a,Stephanie Brown,2026-04-28 03:21:45.395756,Tuesday,3,7,Billing,False
350,bd5c390e-53db-4907-b455-ea2f7495e8bd,Jessica Chavez,2026-05-15 20:45:27.533400,Friday,20,16,Billing,False
351,da82202d-1b5a-47d6-a633-ed43498bb6dd,Brittany Williams,2026-05-17 13:50:31.940208,Sunday,13,38,Billing,False
352,7321c09d-5bc4-4c93-94de-a64fda7fc882,Evelyn Woodward,2026-05-15 14:32:34.331695,Friday,14,35,Account,False
353,c818b77e-5173-443d-b314-3150b5826238,Lisa Compton,2026-04-28 09:04:49.244844,Tuesday,9,38,Service,True
354,a7180e39-1fa6-48e4-bdfd-23488884a59d,Luke Cooke,2026-04-26 13:12:16.311810,Sunday,13,37,Service,False
355,53415796-3ea2-4818-b71a-ae06e2531ff4,Michael Townsend,2026-05-10 14:30:12.567928,Sunday,14,35,Billing,True
356,510b2699-8e73-4128-8df9-76bf26dd7abe,Alexis Harmon DDS,2026-04-19 15:37:57.465771,Sunday,15,14,Service,False
357,7d56b3fd-f97a-4472-bb13-94b21b67bdb9,Krystal Young,2026-05-10 04:54:16.293437,Sunday,4,12,Billing,False
358,2451ea98-f85b-4c1d-8837-8310e9aabdf5,Anthony Johnson,2026-04-23 16:09:33.153494,Thursday,16,43,Technical,True
359,710ac100-a9d2-46e7-a866-ea025e95f40b,Amy Moran,2026-05-11 00:54:25.589002,Monday,0,25,Service,False
360,e28a57a5-b926-4833-99b3-9155492e8bf0,Jeremy Kerr,2026-05-01 11:17:43.688295,Friday,11,21,Billing,True
361,977df689-4e4c-4a55-876d-fd07dd70775b,Raymond Hale,2026-04-22 06:46:29.421597,Wednesday,6,14,Billing,True
362,ad3d98e7-c27f-4361-8daa-c16bcbad8981,Diane Wells,2026-04-19 10:22:35.918958,Sunday,10,19,Billing,False
363,df0f2a4d-35bc-4b8a-b5a0-279e237440a2,Dustin Wolfe,2026-04-28 03:57:11.738052,Tuesday,3,5,Technical,True
364,3f8a6a77-79c6-419f-836f-74fca17f33b9,Edward Norton DDS,2026-05-09 22:30:42.410722,Saturday,22,8,Technical,False
365,5f7714da-1e17-4c5f-8d82-8e4a03968189,Danielle Cummings,2026-04-24 07:04:27.420927,Friday,7,28,Technical,False
366,a9c8c33a-7e87-42f2-a827-2c53dd555064,Lindsey Zimmerman,2026-05-16 00:41:40.017219,Saturday,0,13,Technical,True
367,b4dae837-127b-48b8-aa73-5ed037657ca6,Jon Hughes,2026-05-05 09:26:26.297553,Tuesday,9,13,Billing,True
368,ba3380e7-704a-42a7-9183-ce4eb525c4cb,Cesar Melendez,2026-05-16 04:47:50.650172,Saturday,4,9,Account,True
369,bbf165da-83ef-43a8-8f0d-7414450e60db,Jonathan Neal,2026-05-05 02:08:55.651563,Tuesday,2,3,Billing,True
370,3af49bab-dcb3-45bf-a5f0-2887cc510611,Matthew Roberts,2026-04-20 15:02:44.100655,Monday,15,44,Service,False
371,0ab5a3f4-2324-497d-93b7-af85f9d1ac7b,Robert Mathis,2026-05-08 15:36:59.116472,Friday,15,27,Billing,False
372,8cdaef46-e381-490c-9913-d8771a925e06,Stacey Santos,2026-04-19 02:40:22.797301,Sunday,2,4,Service,True
373,7b3e576f-ac0b-4d3f-a6fd-75386b8cc04d,Cameron Solomon,2026-05-13 18:17:17.728195,Wednesday,18,3,Service,False
374,30510fd0-ca43-47f2-bdab-8723aaec45ec,Linda Johnson,2026-05-08 23:02:29.923558,Friday,23,14,Billing,False
375,acf89f4c-996b-4c41-a061-1a621dfa124f,Jennifer Bowman,2026-04-22 02:57:55.530963,Wednesday,2,9,Billing,True
376,6955dbac-e809-448d-823d-9b11c286f519,Kevin Hunt,2026-05-06 12:06:38.739472,Wednesday,12,35,Account,False
377,0f962f18-46b1-43de-b27e-ef400cdaf3c4,Danny Taylor,2026-05-08 16:07:22.264668,Friday,16,45,Billing,False
378,649535f7-5709-4834-8046-d68351afffdf,Ryan Simpson,2026-05-06 13:29:20.430136,Wednesday,13,26,Billing,True
379,a2ba9f55-1381-408d-b540-2d68a586202a,Danny Gray,2026-05-15 13:57:42.558715,Friday,13,31,Billing,False
380,ac7a94c3-1dd8-4ba4-98f6-eac616747375,Jerry Barrera,2026-04-19 12:44:32.544514,Sunday,12,31,Account,True
381,8264ba53-1995-4f46-9e10-87514a0df4c9,Alicia Kim,2026-04-19 21:40:33.411296,Sunday,21,8,Account,True
382,2ae73c1c-98c5-418c-8701-1e671c3afa43,Jason Blackwell,2026-04-24 17:52:35.768196,Friday,17,30,Account,True
383,5b54669e-d9fd-4c1e-a912-e8bfb679e05b,Philip Myers,2026-05-01 19:03:39.856260,Friday,19,16,Account,False
384,20595850-341f-41d2-b0ae-41489a3663d5,Danielle Freeman,2026-05-08 03:06:33.268641,Friday,3,15,Account,True
385,a76e003b-ebeb-4f1f-b012-a2f5dafcb50e,John Gutierrez Jr.,2026-04-29 05:33:37.774143,Wednesday,5,12,Billing,True
386,567262c0-2869-46be-b314-559334a9f503,Bryan White,2026-05-13 22:14:26.679000,Wednesday,22,11,Account,True
387,d793dd10-ae3c-4860-90fb-7eaf4d16b078,Malik Anderson,2026-05-12 20:26:44.758951,Tuesday,20,6,Technical,False
388,4168bfef-55f0-4b54-9ca5-f7a0be656e0f,Ian Butler,2026-04-25 06:24:06.602492,Saturday,6,10,Account,True
389,4cfff852-c891-4594-a6bf-c09e186e7ab2,Jason Glover,2026-04-19 05:16:31.688615,Sunday,5,14,Account,True
390,d12d476e-6f7e-4f12-9739-8c0cc577abe0,Deborah Castro,2026-04-25 03:20:05.591018,Saturday,3,5,Technical,False
391,218d450b-1d93-4854-ba4b-f73d08223459,Mrs. Rachel Boone,2026-05-04 05:32:39.682729,Monday,5,22,Service,True
392,7247119e-80f4-416a-a7fd-b267bd4fbfb0,Jane English,2026-04-24 00:59:48.165919,Friday,0,25,Technical,True
393,162da26d-c387-4aec-b16d-dec220d38a18,Melody Harris,2026-04-28 15:29:41.393399,Tuesday,15,36,Billing,True
394,5489ec5b-c7b7-4ebb-aced-8624f70cdeb9,William Lester,2026-05-16 19:44:56.861504,Saturday,19,6,Technical,False
395,043a7a7c-1911-422c-a85f-1e87887d9230,Darryl Mcdonald,2026-05-01 14:21:30.206326,Friday,14,47,Account,True
396,1ce159ad-150f-487a-8bed-9bff1d90d6b5,James Hughes,2026-05-11 12:23:42.025899,Monday,12,53,Service,False
397,6754ba88-3aec-411a-bd8f-e6bd3c730bc9,Brooke Beard,2026-05-06 10:27:37.081211,Wednesday,10,17,Technical,True
398,a9ea862d-7bd9-4b84-b4ea-043c52337233,Christian Arnold,2026-05-03 05:12:08.812553,Sunday,5,10,Billing,True
399,232fae77-a32d-4408-a596-66535a79d822,Kristin Spencer,2026-04-24 14:58:34.137501,Friday,14,50,Service,True
400,ec85e012-b5cd-4efb-ad7e-da6a43d6e243,Jamie Graham,2026-04-19 10:03:08.328078,Sunday,10,13,Billing,True
401,15409216-67d2-423f-ab53-e8974ee9edb4,John Wong,2026-05-12 01:11:26.589693,Tuesday,1,12,Billing,False
402,d8bdcfea-f9b2-42db-97f8-ceb8db0356ec,Christopher Gillespie,2026-04-25 00:08:04.461618,Saturday,0,4,Service,True
403,d3a9c9a2-dc00-4397-bf30-b9984607f425,Nichole Roberts,2026-05-01 20:35:38.453141,Friday,20,16,Technical,False
404,11c57be7-da91-41f3-9a6a-4d3a0f68b0e7,Deborah Richardson,2026-05-14 05:56:49.522213,Thursday,5,4,Account,False
405,cf74ecdd-853f-4705-a12a-f60a29fc0ebd,Cindy Gregory,2026-04-27 12:38:55.235457,Monday,12,36,Service,True
406,0132e847-ccfb-4b5a-97e4-47dd816c3971,Rodney Newman,2026-05-06 11:12:13.522981,Wednesday,11,25,Service,False
407,61f96e24-315e-4868-837b-e5d0c5b5f9c1,Daniel Russell,2026-05-13 18:20:02.326099,Wednesday,18,2,Account,True
408,8fc968c7-290a-496d-85c9-0dd5b4421caa,Terry Gonzalez,2026-04-29 17:17:19.316021,Wednesday,17,41,Service,True
409,f29a5282-9749-467f-913f-8ec2b575a13f,Richard Moses,2026-04-21 15:53:43.952724,Tuesday,15,39,Billing,True
410,eb1f7b2e-429c-4d24-8779-dcd2a748e0ac,Paul Warner,2026-05-01 07:08:45.450634,Friday,7,19,Technical,False
411,439baa64-149d-499c-9e05-e19004da8774,Heather Stone,2026-05-09 19:12:14.616549,Saturday,19,12,Technical,True
412,1afc2a4e-02aa-476b-a169-9a1a9c3b8612,Thomas Sanders MD,2026-04-20 03:38:52.808188,Monday,3,23,Service,True
413,84bfa3dd-1fd1-4514-b6d4-63bcfbca47bb,Ashley Warren,2026-05-16 23:37:37.460931,Saturday,23,7,Technical,False
414,65e7f8b3-f543-432f-aedc-35ff6b3b3214,Lori Cox,2026-05-08 04:19:00.804862,Friday,4,11,Account,True
415,6210bd37-cd0c-4573-b2c1-7518742b73f7,Sean Pham,2026-04-28 00:25:21.704823,Tuesday,0,12,Billing,False
416,c10413cf-ed0a-4177-8cc5-c548b5b9c13e,Gene Davila,2026-04-29 02:35:17.418551,Wednesday,2,4,Account,False
417,55d302fb-fe33-4c70-a748-5005803492b3,Ryan Moreno,2026-04-21 18:36:03.232398,Tuesday,18,3,Service,True
418,ef7fb24f-fcfa-46d4-9836-8cdc12cd4105,Ashley Miller,2026-05-11 15:54:23.262027,Monday,15,49,Billing,True
419,8c1873ab-75ac-4bf6-af44-3b6e425d8b85,John Rodriguez,2026-05-03 12:29:56.751037,Sunday,12,33,Service,False
420,4c1cdfaf-1e52-4aba-9432-80bf89338164,Alfred Owens,2026-04-21 16:03:26.806288,Tuesday,16,15,Account,False
421,2c9a4b7f-4199-4b2c-9a62-223b00b1fe02,Jeffrey Martin,2026-05-01 06:38:18.890856,Friday,6,12,Account,True
422,24adac56-84be-42bf-8eb7-1712ccd5fb94,Autumn Wilkins,2026-05-03 15:59:54.649712,Sunday,15,36,Technical,False
423,9abe0538-2553-4387-a7bc-628c76063e61,Alexis Lee,2026-04-22 05:37:27.706165,Wednesday,5,15,Account,False
424,aeb7b4e4-273c-445e-bc57-7939839e94a6,Nicholas Bolton,2026-05-12 03:39:51.288418,Tuesday,3,15,Account,False
425,83366e77-3ad9-4344-aeea-5b2a134c3b2d,Madison Matthews,2026-05-03 10:31:37.970265,Sunday,10,30,Service,False
426,51662cf8-671c-4d17-b264-26dc642684ed,Jeremy Ward,2026-05-10 17:57:22.941082,Sunday,17,42,Account,True
427,3a3434ee-8a59-448c-8df2-1784e197624f,Kathleen Acosta,2026-05-03 09:33:57.638864,Sunday,9,41,Account,True
428,43b85e91-2941-4bef-a192-2cd30784acf2,Mrs. Erin Lewis,2026-05-15 05:03:08.685702,Friday,5,22,Billing,False
429,9fa596a4-d5ca-4234-bc5d-3e5eeff528c9,Joshua Wade,2026-04-23 05:54:40.133849,Thursday,5,2,Service,False
430,e3153c81-3f4e-4e28-b1c4-3d8a7cbbc92d,Mark Pope,2026-04-20 07:42:51.254709,Monday,7,28,Technical,False
431,ab01828b-4676-409c-90d4-93c9d5bf7e08,Vickie Ross,2026-05-13 21:58:55.696408,Wednesday,21,11,Technical,True
432,0fa45af0-02de-4fc2-9a42-c41cf4dc90fb,Terri White,2026-05-03 19:15:01.722488,Sunday,19,12,Billing,True
433,184ccfc2-ea12-4cfc-9d5c-1fd3a36e76a5,Carolyn Pitts,2026-05-14 13:46:02.645646,Thursday,13,36,Billing,True
434,3ff51905-b2b7-4efd-ae3a-4939981a7eaa,Isaac Rodriguez,2026-05-18 02:05:12.731340,Monday,2,12,Billing,False
435,acdfdbc1-77ac-4413-9227-45861453fb84,Catherine Brown,2026-05-07 02:42:16.247242,Thursday,2,11,Service,True
436,3d3f57fb-9c27-4368-b3a1-f99ee2202e09,Veronica Montoya,2026-04-25 11:49:11.444024,Saturday,11,13,Account,True
437,ba35545d-338a-494b-9e28-bc7b167c7523,Brandon Alexander,2026-05-12 20:46:36.797993,Tuesday,20,5,Technical,True
438,fb004200-b05c-44be-aa35-965035b351ec,Jamie Trujillo,2026-05-17 16:32:12.626406,Sunday,16,44,Technical,False
439,278e955a-c7bc-4b25-b708-a3ef100c5514,Jennifer Copeland,2026-05-14 07:55:13.988961,Thursday,7,12,Account,True
440,af76fabf-e3e3-4002-8e9f-850c15b692c0,Karen Rivera,2026-05-03 09:41:26.717420,Sunday,9,44,Technical,False
441,46802dec-aa9a-4421-b72d-56e1ec272f04,Rachel Sanders,2026-05-08 08:07:41.301715,Friday,8,20,Technical,True
442,cb5a2752-0634-4058-b22f-023939802d88,Amanda Rodgers,2026-05-17 08:53:04.917964,Sunday,8,6,Billing,False
443,cccbee23-1101-4f97-aa39-b1a3d0f4365e,Chelsea Li,2026-05-16 08:43:48.234388,Saturday,8,14,Billing,True
444,bd217f34-3c5e-4243-bca7-874164f00d75,Michael Richards,2026-05-16 06:55:40.022478,Saturday,6,2,Billing,True
445,55214ab2-717a-477d-a396-1224331999c3,Christina Smith,2026-05-16 23:11:21.265664,Saturday,23,10,Technical,True
446,e3886db8-ed57-4946-922a-e8f60762f4f9,Gabrielle Reed,2026-04-18 16:39:49.103675,Saturday,16,16,Billing,False
447,7cc3b633-0073-451f-8e77-98e42b01b74b,Kimberly Mcdonald,2026-05-05 19:29:26.793394,Tuesday,19,6,Technical,True
448,ed6686c0-3f4d-4285-8b6d-8745be358580,Christy Hawkins,2026-04-19 14:54:43.072258,Sunday,14,40,Account,True
449,a4fbbace-c728-4238-84bd-0d12590ab83f,Daniel Romero,2026-04-23 19:11:59.882257,Thursday,19,4,Service,True
450,4deb4560-fc35-4614-bb23-48f7f21f98a3,Morgan Pratt,2026-04-23 12:53:16.823980,Thursday,12,33,Billing,True
451,052c4a1b-ea8f-4804-8e30-7af20c5ac486,Amy Garcia,2026-04-28 17:45:09.136074,Tuesday,17,17,Service,True
452,28729725-a4c1-4dae-bff1-a358aef4b5f0,Desiree Wagner,2026-05-01 16:49:54.322533,Friday,16,27,Technical,False
453,4288be9d-9dd0-4408-9e8a-3ea2b6e7fed3,Michael Johnson,2026-05-07 19:34:20.648336,Thursday,19,13,Technical,True
454,5324de4c-3140-4893-a069-b19f396e7bef,Phillip Davis,2026-05-13 09:47:51.158248,Wednesday,9,25,Service,True
455,1810d8aa-6e6e-4292-9847-bf8e60327c77,Pamela Martinez,2026-04-19 23:52:18.775354,Sunday,23,2,Service,True
456,5508579b-0ca4-4af0-8045-645da27c2c51,Sean Santana,2026-05-07 11:19:43.683736,Thursday,11,22,Account,False
457,3fb9b4b0-e5cf-464a-8146-1cfd16f9cd81,Ivan Jones,2026-05-07 11:30:13.756447,Thursday,11,11,Billing,True
458,02ef55de-0d7c-4052-9cbe-aab79cb34c87,Keith Jenkins,2026-04-20 11:41:27.168196,Monday,11,26,Technical,False
459,edfd8076-13e8-4874-9903-be61b3c60a50,Curtis Lindsey,2026-05-14 07:35:58.471254,Thursday,7,5,Billing,True
460,ef4a20d9-3d61-400b-901d-c51236ba77ec,Brian Taylor,2026-04-18 15:42:18.014844,Saturday,15,18,Billing,False
461,2de8e8ce-0cb0-4c1b-9286-45836598c5ae,Roberto Giles,2026-05-17 19:35:42.047206,Sunday,19,5,Service,False
462,aeaa3928-42f6-440f-8b2a-26c7d28d1c70,James Hill,2026-05-05 21:05:57.669726,Tuesday,21,15,Service,False
463,c9f76283-459c-4981-bbb4-a5ec24cc982c,James Salazar,2026-05-15 13:10:31.239604,Friday,13,19,Service,True
464,ff0b2016-a98d-48e4-b3c1-9f9a0d05b51c,Brian Wallace,2026-04-21 07:10:12.779995,Tuesday,7,2,Billing,False
465,2c6b3aae-6f16-4a1d-89d6-ae081cd88d6c,Brittany Cordova,2026-05-08 16:51:24.109489,Friday,16,34,Account,False
466,f4359fbc-2e79-4c0b-b428-806ecc10b68b,Morgan Porter,2026-05-12 16:03:07.795196,Tuesday,16,17,Service,True
467,a25e11fd-7e8e-42dc-af7c-dc3d0d55049b,Jordan Anderson,2026-04-23 20:50:16.320507,Thursday,20,11,Technical,True
468,f076eb94-966d-49a4-90e1-a92441218309,David Simpson,2026-04-26 01:30:40.679481,Sunday,1,7,Billing,True
469,8600b884-fd80-4cbd-ae0c-cecfdcf347c3,Terry Copeland,2026-05-18 11:53:53.569776,Monday,11,23,Billing,True
470,fcbfa999-8919-4235-b0f5-9d9ea42120aa,Lisa Bailey,2026-05-05 18:20:18.165176,Tuesday,18,14,Service,False
471,4e29bfd1-07cd-452e-9456-7afeddf83b07,Dr. Deborah Cunningham MD,2026-05-16 19:24:10.642963,Saturday,19,6,Technical,False
472,2e6581e5-05f8-44f5-9a76-ddaab821bc22,Molly Thompson,2026-05-10 13:39:43.303672,Sunday,13,42,Service,False
473,144ad631-5e84-46fb-bee0-753a68111e82,Mario Day,2026-05-14 21:09:33.466392,Thursday,21,6,Technical,False
474,2d470a16-3093-4b46-b711-a59e1b997865,Michelle Nicholson,2026-05-08 01:06:30.138568,Friday,1,18,Billing,False
475,5d23f570-d1dd-41a5-9749-bef8cbf43408,Mallory Richards,2026-04-21 18:28:21.471011,Tuesday,18,10,Technical,False
476,1e5d8958-dd74-4b87-8b73-57b2d3032d95,John Anderson,2026-04-20 23:51:19.127539,Monday,23,18,Billing,False
477,153fe14d-a59d-4c6c-8b38-cf437427169e,Shane Lam,2026-04-20 18:53:29.111089,Monday,18,21,Service,False
478,70b22eb8-57cd-4265-bff1-6cb3feb251df,Richard Fletcher,2026-05-01 16:54:44.875237,Friday,16,30,Billing,True
479,12b2a35e-91a0-42c1-8af4-689370bbe013,Ann Hill,2026-04-22 00:03:39.967300,Wednesday,0,8,Technical,False
480,0c0d6c32-07d2-4eca-bd81-814fd9a9cce4,Shelley Ward,2026-04-27 00:20:57.595941,Monday,0,22,Billing,True
481,d52169d6-93c5-47f2-8e2d-39c3c4ef8b35,William Young,2026-05-01 16:07:00.293729,Friday,16,47,Account,True
482,63721558-742a-49e7-8931-eda3ce4245f4,Matthew Baker,2026-05-03 12:19:29.524230,Sunday,12,24,Service,True
483,58d33d73-6e5b-4df7-932a-81c731e35b9e,David Hampton,2026-04-30 07:37:24.037351,Thursday,7,13,Technical,True
484,8f72a261-8660-42b2-88f6-055f17adebc9,Jose Hurst,2026-04-30 00:30:37.308000,Thursday,0,11,Account,True
485,34416e2e-e88a-40fc-8ca4-c306a1016a44,Craig Kelley,2026-04-22 09:06:05.846759,Wednesday,9,44,Technical,False
486,d30f6e6c-7ef2-4275-92cf-7470addd8461,Peter Jones,2026-05-02 08:15:27.084722,Saturday,8,11,Service,False
487,13f5c1b2-5471-4cae-bd7e-013cce498cb2,John Anderson PhD,2026-05-08 11:28:05.839449,Friday,11,48,Technical,True
488,7edabf79-1c2b-4ff1-ade8-64ea6a54d289,Dylan White,2026-04-23 17:14:46.727245,Thursday,17,31,Billing,False
489,ae85f831-18a3-4aee-b708-04b89f9938a4,Joanna Randall,2026-04-28 21:16:57.379545,Tuesday,21,8,Service,False
490,4da55b0f-790b-4aaf-9ddd-86e6b3d18d12,Valerie Castillo,2026-05-11 14:13:52.269257,Monday,14,36,Service,False
491,209b69fb-3520-4397-8a32-9ae9ceaedbf3,Aaron Smith,2026-05-16 07:49:50.398031,Saturday,7,13,Account,False
492,38eb16ca-2c7f-4767-811d-4e33b92b650f,Audrey Kelly,2026-05-16 20:28:06.511525,Saturday,20,6,Service,True
493,8cd117c7-7bf6-46bf-986a-0a20a16b239e,Taylor Kim,2026-04-22 20:01:27.952960,Wednesday,20,14,Technical,False
494,2ef0aa57-edf1-4d0f-8018-13d3c6c1644e,Brooke Barr,2026-05-12 04:36:07.625420,Tuesday,4,9,Service,True
495,4d910ee5-1c34-49da-9ab5-38f181b0c586,Ashley Brandt,2026-05-17 01:55:48.007409,Sunday,1,15,Service,False
496,7cd3d69a-5bd2-4209-afb2-03d5901e17aa,Colin Allen,2026-05-18 03:35:58.820672,Monday,3,21,Account,False
497,3616914a-3a03-466e-8070-50343e14d7b6,Katie Carroll,2026-04-23 13:10:03.448827,Thursday,13,13,Service,True
498,23e7de93-1679-44d9-906f-06db2dc405d5,Curtis Torres,2026-04-24 12:15:03.307969,Friday,12,49,Technical,True
499,33565b97-fd08-43eb-a7bf-6af2acdca1b5,Steven Williams,2026-04-26 11:02:25.500422,Sunday,11,20,Technical,True
500,041f55a1-814d-4915-aa3c-742a6c41fe94,Andrea Smith,2026-05-04 16:50:55.597906,Monday,16,38,Service,False
501,c9a7f41c-28a6-465f-be9a-4da38635af31,Marisa Avila,2026-05-10 21:01:47.551494,Sunday,21,11,Billing,False
502,13226d1f-db20-45b7-9f01-a22e87374c83,Jerry Joseph,2026-04-26 23:35:04.787662,Sunday,23,5,Service,False
503,4afd91f6-4eca-4d89-8c20-aaf98aab3bbb,Melissa Smith,2026-05-12 01:37:01.861726,Tuesday,1,10,Billing,True
504,320fa324-e867-4cd1-ab93-7fb681ec0d9d,Angelica Hernandez,2026-05-07 20:37:31.114576,Thursday,20,8,Technical,False
505,efdd20ee-e598-4c2c-81af-b063c2840391,Richard Hernandez,2026-04-27 10:12:27.458308,Monday,10,41,Billing,False
506,50d9ca9b-5e74-42a9-81fb-2d99b5ba0b43,Christopher Coleman,2026-05-13 18:13:44.681010,Wednesday,18,10,Technical,False
507,d77547d2-51bf-4632-9345-c76aa50641e5,Vanessa Martinez,2026-04-23 21:54:38.684652,Thursday,21,10,Service,False
508,ec13317b-3774-40c4-9d00-226ea9487311,Christopher Bryant,2026-05-09 17:01:00.679099,Saturday,17,22,Service,False
509,ccf38df0-cbff-4fb4-85e1-d1173e7e7c00,Amanda Martin,2026-04-26 13:02:23.099356,Sunday,13,32,Billing,False
510,33a26a56-2245-458f-88d6-2b7f0f3b651e,Andrew Adams,2026-04-23 12:08:49.588423,Thursday,12,33,Service,True
511,e891892e-fe9d-4f30-b3b3-64e61dbf96fd,Seth Hurley,2026-05-15 19:45:44.418862,Friday,19,13,Billing,True
512,290c3bb6-659e-4134-8f20-e8706570d252,Robert Stephens,2026-05-10 09:55:32.352355,Sunday,9,19,Billing,True
513,a1faee76-ef0b-48b0-9f51-dc8ebdf03fd6,Natalie Brock,2026-04-22 12:55:33.390932,Wednesday,12,42,Technical,True
514,f794f01e-fb0e-402d-87ab-fb9a4c218cfb,Michael Patterson,2026-05-07 12:24:43.904955,Thursday,12,11,Billing,False
515,f71c75ea-5154-4eef-ba27-d47bb41bd072,Julie Keller,2026-04-24 18:06:25.365042,Friday,18,10,Billing,False
516,68d85fed-3fcb-404e-ae9b-ab1252d4206e,John Day,2026-05-14 08:51:32.167620,Thursday,8,14,Account,True
517,c8daaac4-d92c-426f-8a88-830b5bd5293b,Emily Rose,2026-05-16 08:45:54.446305,Saturday,8,2,Technical,True
518,02631470-2e89-4057-9af6-29956be5e5b8,Ryan Coleman,2026-04-24 01:44:29.858729,Friday,1,10,Billing,True
519,6be6067e-533b-429a-ae27-b48959234db5,Ryan Munoz,2026-05-07 00:09:33.567411,Thursday,0,10,Account,False
520,2b24471d-5c3f-4a69-97f6-bce4360a9107,Angela Williams,2026-05-16 23:33:51.813002,Saturday,23,7,Service,False
521,2554467d-1f4b-48d6-a283-135e83db6e07,Jose Stafford,2026-04-22 11:16:06.549766,Wednesday,11,25,Service,False
522,abadb144-9392-4856-8f95-2753c8c54ce9,Savannah Taylor,2026-05-12 01:27:17.966285,Tuesday,1,10,Technical,True
523,a56481c4-b9ba-431d-ba5e-a6eb1885e176,Kara Webb,2026-04-30 22:39:27.292413,Thursday,22,15,Technical,False
524,8779e04a-fb3b-44d7-9b00-4bedc209f283,Curtis Nelson,2026-05-11 10:34:56.719620,Monday,10,44,Billing,True
525,7185156a-bb46-4464-88ae-9276c5ee855c,Bonnie Savage,2026-05-13 03:13:25.244668,Wednesday,3,11,Service,True
526,4379a9dc-07a2-43a4-a5b1-b2e036a9a9fc,Bradley Wilson,2026-05-10 20:06:44.937941,Sunday,20,11,Service,True
527,559801ac-f429-4c3a-909d-b070d5def02d,Michael Williams,2026-04-30 17:00:48.621495,Thursday,17,14,Billing,False
528,f3fe6090-2f47-421c-ae8b-4beaa34c6a1e,Stephanie Price,2026-05-14 02:17:34.189094,Thursday,2,11,Service,True
529,bda23e26-dcd1-4057-b341-eb51b2bc82e2,Sara White,2026-05-02 03:25:47.711535,Saturday,3,12,Billing,True
530,ff783054-fb04-44b6-89f7-70af793a42f6,Vincent Sanchez,2026-04-18 16:32:40.078014,Saturday,16,35,Billing,False
531,fc5c3b68-5d64-4de2-a827-fe124b1b96f7,Jeffery Torres,2026-05-09 09:16:44.632565,Saturday,9,43,Technical,False
532,fea844a7-4d12-4a2b-be36-c47c4135cd7b,Lauren Brown,2026-04-22 03:24:49.724377,Wednesday,3,6,Billing,True
533,47429df3-0a10-45cb-b33e-bb29f8f3be60,Tonya Walker,2026-05-10 20:01:35.374854,Sunday,20,9,Account,False
534,2376df9d-7ad8-4d34-8a26-1e9d942ba8a8,Justin Ochoa,2026-05-03 07:19:42.401709,Sunday,7,2,Service,True
535,ec004044-a354-44e9-9811-858eb59682ca,Michael Martinez,2026-05-07 14:17:46.967120,Thursday,14,14,Billing,False
536,d281a143-6bfb-493f-aa14-6a74dfdd34f0,Julie Sanders,2026-05-05 15:28:00.071118,Tuesday,15,38,Account,True
537,c853486f-4ee5-4b1d-ac53-06d1f2bbf18d,Dana Reid,2026-05-13 09:45:48.397089,Wednesday,9,34,Billing,False
538,261cd9ab-ec65-46d4-9a76-68ae4f58cbb4,James Mcguire,2026-05-10 05:15:26.309075,Sunday,5,9,Service,False
539,bc446637-cc7f-48e8-ab65-aa1e2fbd2566,Nicholas Hansen,2026-04-30 16:04:03.307511,Thursday,16,12,Account,True
540,e5957e32-8b14-43dc-87e8-b17d4dc221bb,Erin Valdez,2026-05-16 16:48:20.513842,Saturday,16,30,Account,True
541,53a10032-933c-40af-b9a3-00c605f56947,Kevin Melendez,2026-05-08 07:53:58.917904,Friday,7,17,Service,True
542,16099c18-e1f1-49c4-96b1-b383c3f3cdb3,Pamela Jordan,2026-04-27 00:08:40.604426,Monday,0,26,Account,False
543,42938dc3-216f-4ea4-bca7-426b1d8bc4b0,Sarah Crawford,2026-04-24 00:19:08.130765,Friday,0,23,Billing,True
544,ec3ee017-f1e3-43d2-9221-0d5402d27e82,Brandon Jensen,2026-04-22 11:00:17.464171,Wednesday,11,34,Account,True
545,a3c5595f-c2d2-4e1b-b3d0-e6c850122df0,Erica Greer,2026-04-20 13:43:36.251570,Monday,13,24,Account,True
546,864b5cbb-c7da-491a-88fb-15c63a305843,Amber Arellano,2026-05-05 13:42:16.035737,Tuesday,13,42,Account,True
547,8919da72-2532-449d-9285-04224887b778,Ms. Jacqueline Russell,2026-04-25 14:13:36.072056,Saturday,14,38,Account,False
548,b80aa317-8e8c-4351-b130-a413badd215f,Daniel Nguyen,2026-05-11 14:50:04.761381,Monday,14,25,Account,True
549,ce3e7699-127e-43a1-8a20-0a23f452ec0c,Joseph Nunez,2026-04-28 04:06:30.030413,Tuesday,4,3,Technical,True
550,77b9e997-c7ff-48b8-afaf-63d9b30cc01a,Jennifer Stewart,2026-05-18 01:08:57.021428,Monday,1,14,Service,False
551,82f09667-a2fe-43c3-bbf5-eed19d808c45,Ronald Jenkins,2026-05-15 19:22:08.265092,Friday,19,24,Account,True
552,01298a58-21c4-43a3-b744-74aef955a2ac,Meghan Sanchez,2026-04-21 00:36:25.350492,Tuesday,0,7,Account,False
553,4420a126-8950-4b2f-91b1-b73080f81c9a,Matthew Ball,2026-04-29 15:41:52.367805,Wednesday,15,27,Billing,False
554,429ffbe6-a19b-49df-b7c8-8e9d9383e7b0,Laura Miller,2026-04-27 18:28:04.473340,Monday,18,26,Account,True
555,6fa62fe2-7ab3-4c39-afb3-77c777145356,Destiny Banks,2026-05-12 06:15:13.416197,Tuesday,6,10,Billing,False
556,b53794a4-ffda-4eaa-8cab-0267077d9c39,Shawn Coleman,2026-04-27 18:31:42.992801,Monday,18,15,Service,False
557,9869b8bb-ff25-43b3-b350-991dcddcdb8c,Matthew Kerr,2026-05-09 16:48:16.811271,Saturday,16,28,Billing,True
558,8efecfe2-6da6-42d5-9f9a-602a33a65c7b,Michelle Hernandez,2026-04-28 04:55:27.551853,Tuesday,4,11,Service,True
559,191b7e5b-9183-4598-99e4-66f1c7ef6360,Jennifer Reyes,2026-05-17 04:00:29.349148,Sunday,4,15,Service,True
560,3dbd43f0-fe72-461e-a4f0-c0da96126bdb,Jordan Johnston,2026-05-13 22:38:30.696876,Wednesday,22,7,Account,False
561,9fb4c698-3070-4207-a048-c99755dcfede,Kimberly Williams,2026-04-29 11:36:53.618054,Wednesday,11,17,Account,True
562,517f902a-f4e5-4f2f-9083-867e459a93e0,David Medina,2026-05-06 15:49:53.273130,Wednesday,15,27,Technical,True
563,d9127c4c-1b53-4f1c-ad87-19a8469539aa,Candace Holder,2026-04-27 18:06:02.440015,Monday,18,25,Technical,True
564,d92fe0c7-9480-4f32-a006-f660a041ef50,Daniel Brandt,2026-04-23 19:28:30.923927,Thursday,19,3,Service,True
565,31909d1c-4759-4705-8cfa-94a85620a652,David Foster,2026-05-10 02:35:14.872661,Sunday,2,5,Account,False
566,fe87a298-6f25-4800-b2ba-8ae0bb980c58,Richard Craig,2026-04-30 17:29:19.467893,Thursday,17,17,Account,False
567,e1ded892-2eb4-4201-9bad-0c0706b9ec1e,Jerry Rodriguez,2026-05-11 00:29:16.537758,Monday,0,29,Billing,False
568,caa1af1b-762c-4103-99e8-82405d38ad31,Nicole Le,2026-05-01 05:22:48.494573,Friday,5,20,Service,True
569,a6bc45e3-c4ed-4606-befd-98d201b08fe7,Jacob Obrien,2026-05-18 11:58:24.440903,Monday,11,44,Billing,False
570,346c81eb-48b7-4d6e-9eed-c2154bf8a421,Pamela Johnson,2026-05-03 17:35:25.966790,Sunday,17,16,Service,False
571,9abd6920-0b29-4117-8798-da3231ab36b2,Jason Allen,2026-04-18 16:20:00.678836,Saturday,16,18,Technical,True
572,f0a6343e-279f-4eff-9e32-c0ff1b143dbf,Tracy Edwards,2026-05-13 01:47:31.849948,Wednesday,1,10,Technical,True
573,fff19622-da99-4de4-a1c2-c98a5d57935f,Chris Delgado,2026-05-05 14:18:18.185788,Tuesday,14,25,Billing,False
574,b373cb0c-fc9b-42ed-8a44-9a75a96b9364,Amanda Martinez,2026-04-22 07:34:05.720779,Wednesday,7,3,Account,True
575,13803047-d203-41e3-b6ba-eb28ee40666b,Daryl Davis,2026-05-07 01:56:00.891339,Thursday,1,14,Technical,False
576,e496caf9-7b99-4229-872f-7c9b29172996,Amanda Cruz,2026-04-20 12:36:35.469523,Monday,12,57,Service,False
577,b5ef2359-9176-421d-ac83-4fa6a75325d4,Aimee Sanchez,2026-05-12 00:04:41.003042,Tuesday,0,7,Account,False
578,e3847a17-5902-4fd5-b8b0-2f1dd896b192,Alicia Mcdonald,2026-05-17 01:11:09.906082,Sunday,1,4,Account,True
579,3e09d913-bd8d-4d1f-a809-1f317eda5de7,Christopher Navarro,2026-05-14 21:49:59.289331,Thursday,21,4,Billing,False
580,6bc11cc5-6b35-44b6-bd0b-6fc05ad80e3c,Nicholas Barnett,2026-05-06 22:07:03.364356,Wednesday,22,14,Technical,True
581,97c3919e-ecac-41af-84f3-633e08e7798a,John Mccormick,2026-05-01 01:00:03.288077,Friday,1,11,Service,False
582,ef389d32-cffb-45bb-80d1-8068a8eb557a,Daniel Barker,2026-04-28 10:30:48.978239,Tuesday,10,42,Account,False
583,8cd77713-ce48-4542-80d3-5cc5c465f003,Carlos Watson,2026-05-01 20:07:03.897268,Friday,20,15,Billing,False
584,d1a1d3ae-c67a-45f7-ada7-6b64399e1705,Paula Tran,2026-05-03 04:24:28.536248,Sunday,4,10,Service,False
585,4bfb1055-8c41-4469-9b78-d7f14907ca3e,Joshua Macdonald,2026-04-21 08:08:24.288465,Tuesday,8,5,Technical,False
586,04ac09f6-7889-4609-9719-8f4cbb31f85b,Shelley Wilson,2026-04-30 16:23:52.053931,Thursday,16,33,Technical,True
587,6d0c05c2-ae8d-4a00-ae3f-668c411df87a,Mike Zamora,2026-05-17 21:46:33.174801,Sunday,21,12,Account,True
588,8839e3a8-deea-4f5b-b61b-e5d271c87e05,April Williams,2026-05-04 03:18:37.004780,Monday,3,14,Service,True
589,1a77d1a3-54f1-4cac-9067-311f4eabd320,Lisa Mathis,2026-05-10 23:35:14.350555,Sunday,23,2,Billing,True
590,ab08aeab-315e-42ca-90a5-1b07c025597f,Brian Noble,2026-05-09 01:04:48.302491,Saturday,1,3,Service,False
591,7c3593d1-f648-4f65-9b91-bebe69d7d4db,Thomas Henry,2026-05-05 14:42:52.010768,Tuesday,14,21,Billing,False
592,bafa7b15-0edf-433d-8fd4-32b75362a42b,Matthew Scott,2026-04-18 16:43:07.904071,Saturday,16,44,Technical,True
593,e7d7cd80-f439-441c-9b86-5a0b42577330,Elizabeth Rodriguez,2026-05-14 09:59:51.257107,Thursday,9,29,Billing,True
594,fac4e374-8313-4d01-ad7a-0007d1b01761,Leslie Fisher,2026-05-03 08:41:57.234663,Sunday,8,9,Account,True
595,fc30790c-e7b6-432f-af28-6e06d08c1414,Jack Rodriguez,2026-05-02 03:29:23.741038,Saturday,3,8,Account,True
596,0119656b-cd39-45cc-9980-ed2010d3ac9c,Cassandra Young,2026-05-01 13:11:50.087835,Friday,13,37,Technical,True
597,f2997e2c-94c3-4513-a154-0acc36256f3d,Susan Gould,2026-05-05 16:38:41.260573,Tuesday,16,36,Service,False
598,3149b080-8094-48a0-a5cb-887ca6338e00,Sean Smith,2026-05-17 10:24:33.125436,Sunday,10,38,Billing,False
599,eb4c6ce4-5b6d-4b67-b390-26d1d7f9ba23,Amy Nolan,2026-05-16 05:11:41.149039,Saturday,5,9,Billing,False
600,ff05aa35-2bd8-4d31-b113-77d2066d981c,Robert Gilbert,2026-04-27 12:32:08.591183,Monday,12,47,Account,True
601,b4a64fca-eedc-4f29-9328-275448076b75,Lori Morgan,2026-04-26 18:58:03.872340,Sunday,18,11,Service,False
602,2e6e229d-ffb5-44c0-acf3-a049a5acf6bc,Elizabeth Smith,2026-05-18 10:11:00.069266,Monday,10,41,Account,False
603,85a7a5eb-9e23-4872-bb48-d8445ef16e8a,Marissa Johnson,2026-05-16 13:52:25.922862,Saturday,13,27,Account,True
604,cfc021e0-597e-4d44-9514-9a46d6d758b6,Victoria White,2026-05-02 10:30:22.178417,Saturday,10,27,Technical,True
605,ada8ebb6-a536-40d3-b010-7e1d11e94d00,Cynthia Bender,2026-05-14 11:55:32.851355,Thursday,11,21,Technical,True
606,dae983ee-1e69-442a-869e-f904b7b9a215,Robert Perkins,2026-05-14 05:18:31.043946,Thursday,5,15,Technical,False
607,62fb17c0-381f-4ac8-8ffa-b9e5bf642d2f,Jeffrey Lopez,2026-05-03 04:07:36.496042,Sunday,4,2,Technical,True
608,5c23e89b-008f-4811-8f61-be4ac9835b3c,Karen Ward,2026-05-01 15:59:04.428010,Friday,15,41,Service,True
609,63593654-787e-4ca9-afd9-7a2950d8f770,Amy Bradshaw,2026-04-22 10:07:19.206345,Wednesday,10,21,Billing,True
610,85ab5fe7-e6be-4b96-b172-bb31b9d83e32,Justin Potts,2026-05-10 17:33:16.712816,Sunday,17,40,Technical,False
611,c8021992-dc5a-4242-9e14-12826c0f49f0,Christina Vincent,2026-04-20 22:05:57.136897,Monday,22,20,Technical,False
612,affead4c-9cc5-487e-89d4-bfde26d0603e,Kimberly Carroll,2026-05-11 16:10:53.117509,Monday,16,46,Account,True
613,7e597814-3775-43fe-a7c3-26cab3e2d2c7,Jill Johnson,2026-04-28 21:34:16.480483,Tuesday,21,11,Account,True
614,162118cc-2c46-43be-b27e-b35857f2ea5b,Barbara Allen,2026-05-18 13:24:26.040913,Monday,13,54,Technical,True
615,ffc37f62-7bb3-471f-bd02-8d2d7f8d8e5e,Linda Hernandez,2026-05-11 03:43:04.796781,Monday,3,23,Service,True
616,c5762b75-43b1-45e9-866d-83ea73fdae5b,Lindsay Campbell,2026-05-01 10:41:44.112482,Friday,10,31,Service,False
617,25d5a0b2-5bef-4df6-9816-44b18851a702,Gregory Taylor,2026-04-22 14:25:43.288675,Wednesday,14,27,Account,False
618,d4967e41-2362-4939-9643-45e90b72f478,Jessica Rodriguez,2026-04-19 02:38:33.460937,Sunday,2,2,Service,False
619,ed599d89-181d-4280-a04f-43b05b37c542,Matthew Sullivan,2026-05-07 03:22:31.730248,Thursday,3,12,Account,False
620,752108c9-c1de-45bc-8dcb-1fea3a331ceb,Rebecca Johnson,2026-05-08 15:16:06.166854,Friday,15,42,Billing,False
621,c2c7bf53-0d1e-4069-b558-214d3c539396,Gregory Orr,2026-05-11 01:22:34.213856,Monday,1,21,Billing,False
622,2152f445-66b5-4e95-ab17-a5bd5c079c82,Erica Garza,2026-04-20 17:56:56.003508,Monday,17,49,Billing,True
623,dacd79b2-e39a-4285-8a50-bcfd40147b10,Jean Jenkins PhD,2026-05-07 05:16:47.880619,Thursday,5,15,Account,True
624,49bf76f1-9921-483c-9832-9efde7c757ed,Chad Hughes,2026-05-10 09:38:11.798033,Sunday,9,15,Technical,False
625,cf44ebe8-3749-49c7-bd7c-208ed9f5e044,Marissa Michael,2026-05-11 01:07:57.509256,Monday,1,22,Billing,True
626,49d527fa-d062-4ea5-a9f5-d1f336605b1c,Carlos Stewart DVM,2026-04-29 02:24:53.654486,Wednesday,2,10,Technical,False
627,bfa5791b-341f-40f5-b363-ea31ef92becc,Mrs. Melissa Myers MD,2026-04-24 07:27:18.257154,Friday,7,23,Service,True
628,15abce62-ae57-4bdd-a16e-5cb91d116210,Amber Howard,2026-04-29 08:02:56.834676,Wednesday,8,4,Account,True
629,7db2f42d-f3d4-41f5-822f-59e9b058ae17,Eric Mcdonald,2026-04-27 15:00:58.258007,Monday,15,22,Technical,False
630,60024dfa-163f-496c-b296-cdffdfe7f3ed,David Edwards,2026-04-18 23:21:55.662251,Saturday,23,13,Technical,False
631,fdedfed1-df35-46bd-9f65-22a7c60fd5fa,Jennifer Johnson,2026-04-28 11:03:08.494797,Tuesday,11,29,Technical,True
632,ef32b6fb-5625-4fab-8202-8e304b85759e,Donald Montgomery,2026-04-22 21:10:08.640237,Wednesday,21,15,Billing,True
633,dfd8e2c1-62fe-4230-b94b-0684bbd8d219,Stephen Noble,2026-04-24 15:47:03.825063,Friday,15,40,Service,True
634,9fa1c0d8-0bd0-4acf-9e01-8864f84e0c0e,Emily Mccoy,2026-04-28 12:06:46.761265,Tuesday,12,14,Billing,False
635,db4bf6b2-56c1-41d1-9a47-db40722fe666,Sheila Jordan,2026-05-18 05:40:35.616168,Monday,5,28,Service,False
636,bd180c43-59d3-4f29-9a03-305c2350d07d,Lindsey Choi,2026-05-06 23:01:21.238734,Wednesday,23,2,Account,True
637,0581038b-cfb5-47a6-903b-871c9f22c123,Heather Cross,2026-04-27 10:05:39.019209,Monday,10,21,Service,True
638,92740d61-5c6a-4e30-a50e-c38884ffa6e2,Marissa Thomas,2026-04-19 03:07:44.804635,Sunday,3,14,Billing,True
639,290353bc-38ac-4045-9552-fbfe5c1af1ef,David Mcbride,2026-04-24 04:17:42.878879,Friday,4,13,Technical,False
640,d691dc2a-ba50-47c2-82f0-c886016cd1ea,Sabrina Bailey,2026-04-25 23:40:14.315836,Saturday,23,9,Billing,True
641,87cfb905-90e7-4d9e-8411-d5d2e1cddaba,Luis Harrison,2026-04-25 18:35:46.645148,Saturday,18,3,Account,True
642,f262baf1-bafe-45de-9f37-cd2f28980030,Diane Mills,2026-05-15 08:56:27.254423,Friday,8,17,Billing,False
643,ec04183b-fe8e-4556-b556-2bb6540642e1,Andrea Rodgers,2026-05-12 00:33:59.273769,Tuesday,0,4,Technical,True
644,d7e6ea34-f5b1-4fe0-8a00-9fc47ffc3370,James Sweeney,2026-04-27 03:44:48.823474,Monday,3,19,Account,True
645,626aba35-e6d5-4c0d-9936-d1f79f485444,Jennifer Kelly,2026-05-09 04:23:08.955268,Saturday,4,7,Service,True
646,57d68373-cf94-4e0a-8a82-9833a79c2de8,Jeffery Swanson,2026-04-23 22:15:42.874884,Thursday,22,15,Account,True
647,d2a5eb47-0e3c-4d8a-95a4-c9910e56d68c,Scott Valencia,2026-04-23 09:47:21.302670,Thursday,9,24,Technical,False
648,f90ab604-660a-4fc5-be38-014b30598b13,Anthony Castro,2026-05-11 14:18:13.874735,Monday,14,43,Service,True
649,bec8d911-0bb2-495b-9e49-7772c2fa998c,Dr. Casey Casey,2026-04-23 03:02:11.657894,Thursday,3,2,Account,True
650,bd467346-bb39-4ea4-ac73-3acd35547af4,Jillian Johnson,2026-04-28 00:10:09.414629,Tuesday,0,4,Account,False
651,15aa89f2-67e4-4e31-9181-8102d2fad983,Holly Barrett,2026-05-02 18:43:13.297177,Saturday,18,3,Billing,True
652,e658d347-3c6f-4e28-9d76-88c110eea04b,Douglas Butler,2026-05-13 16:44:27.844846,Wednesday,16,12,Billing,False
653,fd7031eb-563a-44b8-9e10-10066c3de4a6,Brian Jacobs,2026-05-17 17:24:32.522554,Sunday,17,10,Service,False
654,aa0d1799-8379-47d2-aec5-0de48ecdb1a7,Robert Nelson,2026-04-22 01:52:01.261807,Wednesday,1,2,Account,True
655,201935a9-6819-49bd-9d2b-ab41d9da8527,Lauren Flores,2026-05-05 22:00:38.774147,Tuesday,22,9,Service,False
656,d8b97c38-2cf6-44fd-9fa6-f047b6f1851a,Amanda White,2026-04-21 16:36:47.775784,Tuesday,16,40,Service,False
657,8254aa77-3fda-42cf-b23c-0b2abff422f9,Jennifer Stone,2026-04-30 12:55:35.124605,Thursday,12,17,Account,True
658,0d981c76-ddf3-4142-9aef-8187af4c93e1,Brittany Mitchell,2026-05-15 03:30:36.998974,Friday,3,9,Billing,True
659,593f2e7f-c044-4821-b17e-5a90f636f612,Heather Mcmillan,2026-05-03 13:43:36.558188,Sunday,13,16,Account,False
660,881a74ef-5aac-4d1f-9613-40d6ce619606,Sherry Brown,2026-04-19 05:45:40.627794,Sunday,5,12,Service,False
661,78510f73-2abc-4b7e-af62-b8290045d40e,Adam Rose,2026-04-21 14:29:17.878508,Tuesday,14,24,Account,False
662,1e50bbfc-905c-44d7-bbb5-77df73c4806b,Ryan Elliott,2026-05-03 05:55:48.017678,Sunday,5,7,Technical,True
663,80bb4f23-2715-4a78-a7ab-a6c9fe20a8d9,David Flores,2026-04-22 09:42:51.927067,Wednesday,9,10,Technical,False
664,ad17684c-a40e-4a02-adfb-1018e33e8621,Rebecca Gilmore,2026-05-12 16:17:50.167451,Tuesday,16,28,Technical,True
665,7c31289c-4ece-4a3a-9e92-9377f1eeaa60,Stephen Flores,2026-05-14 16:02:23.446073,Thursday,16,18,Account,False
666,38272f37-578f-40fa-81c4-c7fa5eae2e3a,Todd Mitchell,2026-05-01 04:20:17.984716,Friday,4,17,Technical,True
667,6dedfcd6-4dd8-41ff-b298-ac674ed244cf,Daniel Williams,2026-05-03 16:49:43.179463,Sunday,16,43,Technical,False
668,46b19b8b-6e84-4d6f-82db-782a843f2d69,Jessica Medina,2026-04-26 10:36:54.255872,Sunday,10,18,Account,False
669,d32f72a5-fee6-4c73-9ba0-ce2326db2b42,Courtney Hall,2026-05-15 14:09:52.131829,Friday,14,40,Service,False
670,488de38a-8bdd-4170-b4c9-1fc2d86c2938,Dr. Jennifer Cox DDS,2026-04-26 20:15:27.251272,Sunday,20,11,Service,False
671,f07158a6-b62d-4a67-a09f-7b7c8191fc57,Jennifer Hawkins,2026-05-02 01:04:53.573649,Saturday,1,15,Technical,True
672,d388f2e5-fa1c-4e39-8a38-2ff490a30861,Henry Tapia,2026-04-19 01:14:54.085540,Sunday,1,3,Billing,True
673,1ed7f1c7-7ca2-4023-b26b-89295f9f9d89,John Frederick,2026-05-11 16:29:18.738809,Monday,16,51,Billing,False
674,084faf39-d266-4638-b733-5f98c9103dbe,Paige Miller,2026-05-10 11:02:23.098505,Sunday,11,24,Service,True
675,197a6664-5d21-45c2-88fb-11262b659129,David Bell,2026-04-23 17:02:22.506759,Thursday,17,37,Billing,False
676,015115b1-7e97-4562-a051-3e77852858a1,Emily Alexander,2026-05-12 16:00:57.972587,Tuesday,16,26,Billing,False
677,da4fb23e-cea5-437f-a629-946d8ac0e7d9,Martin Taylor,2026-05-08 18:32:00.465309,Friday,18,16,Service,True
678,5b53e476-8673-428f-9929-4e66e41fc398,Daniel Lopez,2026-04-23 22:29:37.209605,Thursday,22,4,Service,False
679,58a630f7-6282-48a9-93a2-1c07dce751fc,Tina Williams,2026-04-22 13:41:00.826647,Wednesday,13,16,Billing,False
680,47778a01-adda-4e0d-957d-2754a1482fbb,David Walker,2026-05-16 18:10:42.812623,Saturday,18,3,Technical,False
681,2002a47e-5983-4c19-84cd-09982e2ba7ff,Jason Martinez,2026-04-30 22:11:17.044417,Thursday,22,11,Billing,False
682,86aecee3-5f49-4b30-b6db-60145d43df1c,Hailey Jacobson,2026-04-20 04:39:44.172334,Monday,4,23,Service,True
683,2fa5521a-e635-4f3b-a170-f3124d0d7f5b,Sarah Welch,2026-04-25 02:54:03.077881,Saturday,2,7,Service,False
684,a6545271-0993-4e05-870e-e5f40fa455d5,Anthony Steele,2026-04-22 04:17:54.477381,Wednesday,4,7,Technical,False
685,a8dd0cea-4f80-42b3-bcdf-79543833e90d,Jessica Burnett,2026-05-05 08:04:41.134319,Tuesday,8,9,Billing,False
686,3e26d215-25f1-4f28-97de-24eff2c5284a,Stephanie Bowers,2026-05-18 01:50:39.804829,Monday,1,26,Technical,True
687,5760da37-d7ed-4f53-a522-cb30c3ca29da,Madison Anderson,2026-05-08 05:33:24.405073,Friday,5,19,Account,False
688,443fe556-ec08-4ca7-a508-0b9f6cee871c,David Palmer,2026-05-06 18:08:54.346704,Wednesday,18,4,Account,True
689,3594d1d1-60ff-42ab-adfc-a8a261857e02,Zachary Tate,2026-05-09 07:23:15.536617,Saturday,7,8,Technical,True
690,2d50613f-3067-4f07-9d45-c3416062e04c,Aaron Lloyd,2026-04-23 19:11:38.792060,Thursday,19,15,Account,False
691,5b1b862b-1448-452e-a2ad-0167cb9ab04d,Michelle Collins,2026-04-24 14:13:19.576398,Friday,14,22,Service,False
692,225da64c-da7a-4681-89b5-c279a6b62ced,Rebecca Gonzalez,2026-05-01 17:30:02.537595,Friday,17,44,Service,True
693,809a276f-c9aa-4521-9614-b50876b77e8f,Anthony Quinn,2026-04-27 12:41:40.127211,Monday,12,40,Account,True
694,0d002e47-dd32-4969-b6ca-f5187f73fcb0,Kelly Howard,2026-04-24 11:18:37.104951,Friday,11,48,Account,True
695,45974642-b497-4683-ade9-8ca6970eb2f8,Erin Porter,2026-04-25 06:45:04.095214,Saturday,6,11,Account,False
696,62dad719-9e37-4403-8397-a8bc1a886134,Robin Williams,2026-04-28 23:39:15.332884,Tuesday,23,2,Service,True
697,1722cff4-d12a-4db6-80d3-0d84b436f384,Brett Ball,2026-05-08 12:58:06.520028,Friday,12,27,Account,True
698,e93f6eba-199a-43ea-b49f-99f775880e94,Andrea Pearson,2026-04-20 04:00:17.666267,Monday,4,17,Service,True
699,ca6f6a4c-94b3-4c97-a6c6-b08c1ac239b8,Matthew Santana,2026-05-03 11:34:17.394460,Sunday,11,38,Billing,False
700,63fc71ed-20e7-4732-a917-5113f4f0df39,Angela Nixon,2026-04-20 05:37:02.168301,Monday,5,11,Service,False
701,05e88c29-fb84-4eb9-9f5b-9f48e39c03c9,Dawn Murphy,2026-05-06 13:13:24.141910,Wednesday,13,43,Account,False
702,b4b2dcf7-f03e-43f7-b53b-67c735669c28,Shannon Cross,2026-05-13 00:32:50.049098,Wednesday,0,3,Account,True
703,25cff7a3-8ce7-40fc-aa26-d23c384b5aac,Jordan Gibson,2026-04-23 22:03:04.205922,Thursday,22,15,Service,True
704,60ab9e56-2c99-4809-89ad-0aea2ddbed6d,Samantha Mahoney,2026-05-02 04:11:02.791847,Saturday,4,7,Technical,True
705,55cfc7e6-312c-41b2-9836-f9033c155227,Stephanie Barry,2026-05-08 17:43:50.361134,Friday,17,49,Technical,False
706,41952865-a82d-498e-ac33-ce82aab23f86,Rachel Winters,2026-05-03 21:31:38.515651,Sunday,21,4,Technical,True
707,51bdb56e-5852-44da-9912-e68cf72a7818,Jennifer Jacobson,2026-04-26 19:22:12.004260,Sunday,19,5,Account,False
708,2984d171-03a8-46c8-97d5-721a120ae220,Hannah Kennedy,2026-04-20 04:44:17.651386,Monday,4,12,Account,True
709,078714ab-091a-4c12-bafd-75bba2052eb4,Nicole Garcia,2026-05-02 18:49:52.627747,Saturday,18,9,Account,False
710,acadd9f3-5e99-472c-8bd2-b4622c8c1cfd,Logan Brady,2026-05-17 14:56:45.909147,Sunday,14,39,Service,True
711,1f105097-6451-4aeb-9d00-e179c35489f3,James Wagner,2026-05-06 14:43:08.800868,Wednesday,14,26,Billing,True
712,651a661a-a8a9-42c1-aea7-558cf1fd6ddd,Paul Hunter,2026-05-17 18:37:52.672851,Sunday,18,4,Billing,False
713,1a45f690-1f36-497c-86b1-b337d1759447,Michael Mitchell,2026-04-27 08:27:54.498057,Monday,8,22,Account,False
714,9eb7feeb-72ac-45d1-adf8-c619ac211aa0,Carlos Robinson,2026-05-16 16:57:17.917843,Saturday,16,16,Service,False
715,54ba32bc-ec61-4d13-a53d-7649ca25dc9b,Dr. Michael Long DVM,2026-05-10 20:05:12.961263,Sunday,20,10,Service,True
716,3f0ea220-c0d8-43c3-af1d-2c3be0ba5cce,Kevin Elliott,2026-05-09 05:15:56.916420,Saturday,5,10,Technical,True
717,b5c112e5-e08f-4cd0-8fc3-9f34d574c844,David Cole,2026-04-25 14:10:55.470223,Saturday,14,43,Billing,True
718,9d3fdb22-15c2-4eb1-9949-da72c8e8026b,Bradley Gilbert,2026-05-03 02:43:50.952253,Sunday,2,4,Account,True
719,c2abbdfb-2037-4c99-97c9-d63c406fb238,Brian Bishop,2026-04-23 08:26:13.908866,Thursday,8,11,Billing,True
720,d21f9a07-8420-4cc2-823b-89db5253dffc,Christina Anderson,2026-05-15 08:46:33.608442,Friday,8,29,Billing,True
721,04bde702-398d-4e5e-a8a9-1dc60aa7b51a,Jessica Valdez,2026-04-27 09:09:00.812371,Monday,9,38,Account,True
722,adf18209-3484-4b82-8610-fe2840cae670,Thomas Smith,2026-05-07 09:27:26.905097,Thursday,9,11,Account,False
723,89a295bf-652a-4a71-9592-37db9c96f04f,Kyle Pena,2026-04-29 07:19:48.725818,Wednesday,7,13,Service,True
724,e70dd168-45c2-4e28-a62e-7fec714a2ae9,Rachel Woods,2026-05-07 21:01:57.418861,Thursday,21,6,Technical,True
725,8eba261d-e2d8-4713-93f3-827cc5ec20d9,Valerie Austin,2026-05-04 04:58:53.107134,Monday,4,14,Billing,True
726,a91dd3eb-75c0-4992-a793-38cb44506a42,Manuel Smith,2026-04-23 14:10:57.510530,Thursday,14,41,Billing,False
727,57b23eff-8403-4b26-b5b0-381131ac77f6,Nicholas Preston,2026-05-05 23:28:55.517851,Tuesday,23,11,Billing,True
728,1124a028-f5b3-49a6-b343-5bec6042e1be,Sara Page,2026-05-10 16:01:07.237772,Sunday,16,36,Account,False
729,d577ef67-24df-46ae-bae0-30f18936e0c8,Kimberly Williams,2026-05-17 02:44:57.403672,Sunday,2,11,Service,True
730,365fb2f8-06a9-450f-a5a4-62e013dd549a,Kevin Mendoza,2026-05-07 19:36:02.624289,Thursday,19,4,Billing,True
731,fdcc9a33-d84b-4ce4-949c-0810610f7a44,Brandon Nelson,2026-04-29 02:04:58.591793,Wednesday,2,6,Service,False
732,56b12359-f4d6-45e2-a0cd-2ef9a7b4919f,Joseph Harvey,2026-05-02 23:54:03.605766,Saturday,23,5,Account,True
733,e3639a64-ae57-4c6a-b40f-a7f5023cfdc4,Chad Fields,2026-05-16 17:59:18.057397,Saturday,17,12,Service,True
734,ca8a9b0e-734d-449f-aaee-ee5bbe5eceb2,Hannah Gaines,2026-05-12 04:35:43.454091,Tuesday,4,3,Account,True
735,890a8a58-87e9-41e5-99fc-3305dfe4c08a,Julie Sanchez,2026-05-10 05:03:54.160337,Sunday,5,2,Billing,False
736,26692cf3-c8ba-457e-9d19-0ac7b339f5c5,Kathryn Fischer,2026-05-09 21:27:47.404935,Saturday,21,5,Technical,True
737,45bab9ac-9c4c-4a94-82fd-b2cb30373dae,Susan Davenport,2026-04-24 16:59:18.151091,Friday,16,31,Service,False
738,e99aebe0-5b42-47a9-bdfb-50c9b237dfd9,Lisa Hall,2026-05-03 15:26:22.125773,Sunday,15,38,Billing,True
739,f115a518-366a-40a8-bd79-9824e99b95eb,Annette Potter,2026-05-01 13:33:58.286885,Friday,13,20,Service,False
740,d06ff21b-98ea-4129-ac8f-8e928674f42a,Sandra Torres,2026-04-29 04:30:51.313056,Wednesday,4,2,Service,False
741,ab212b1b-1e81-4063-a149-9900c0d397b5,Jordan Long,2026-04-28 09:52:06.870100,Tuesday,9,36,Service,True
742,d2f3450f-f0d8-460a-83ac-e458884fdc33,Sean Haas,2026-05-02 05:52:56.638237,Saturday,5,5,Technical,False
743,105d8e84-35fc-42bc-bb23-a364da5a5ada,Jonathan Kennedy,2026-05-08 23:53:12.883118,Friday,23,17,Technical,False
744,e8eb5072-6959-47b2-8881-00e185cb5406,Amber Miller,2026-04-19 08:20:18.331759,Sunday,8,6,Billing,True
745,7f030a6a-1170-49d2-af68-cf6815e4d995,Jonathan Vega,2026-05-18 09:11:41.343334,Monday,9,41,Technical,False
746,241e80ba-c464-4e55-890a-159b24d840e9,Tony Parker,2026-04-24 00:29:39.231994,Friday,0,26,Technical,False
747,577624fb-de67-49ea-99a1-13a1f540c840,Chad Perry,2026-04-28 11:18:27.720015,Tuesday,11,25,Account,True
748,26df65a6-3b11-4bfb-a663-fb0b430559d8,Debbie West,2026-05-04 02:38:17.846547,Monday,2,16,Service,True
749,c339dea3-aade-4560-8c83-fc41a956052b,Elijah Mills,2026-04-19 14:49:27.083615,Sunday,14,15,Service,False
750,9f56234f-1f4d-4fbf-ad91-a14d3d3edc13,Stephanie Davis,2026-05-17 06:32:27.084512,Sunday,6,14,Billing,False
751,0068e2b4-6ff3-4a86-b9fa-506fc1623e94,Amber Ruiz,2026-04-27 17:07:08.611079,Monday,17,29,Service,True
752,6675f0d8-ac7b-4316-ab18-486d9128811e,Keith Evans,2026-04-26 07:13:55.393532,Sunday,7,2,Technical,True
753,baa2f482-fffb-4baf-9a75-58a96048a9e2,Larry Rivas,2026-05-03 00:58:37.447990,Sunday,0,14,Billing,False
754,a668e764-55ff-451f-944c-d5a3ccb894c3,Courtney Sosa,2026-04-23 13:30:24.485579,Thursday,13,23,Technical,False
755,0e25f580-eb63-4854-b196-b95afabe3e7c,Darren Phillips,2026-05-14 17:49:41.380993,Thursday,17,28,Service,False
756,28181da0-742f-4675-894b-6994e7634884,Erica Gonzalez,2026-05-09 07:31:24.119187,Saturday,7,11,Service,False
757,ad2be6c2-c5c9-4f62-8cec-2d68dc32d21f,Jennifer Ramirez,2026-05-12 02:38:54.431927,Tuesday,2,7,Service,False
758,d8f4d5e2-b722-4145-9bd2-72eb928e3566,Ms. Stephanie Johnston,2026-05-06 03:09:48.015893,Wednesday,3,7,Billing,False
759,051dfb41-b95f-4624-8582-34014e33453c,Jesus Jenkins,2026-05-02 07:04:54.006860,Saturday,7,12,Service,False
760,42f78056-9ee6-4f9d-a1fc-8c7d29b82087,Gregory Becker,2026-05-04 01:08:02.078694,Monday,1,17,Technical,False
761,a263df28-885d-4de1-9d24-ef6eb0243f06,David Ramirez,2026-05-02 14:08:05.879283,Saturday,14,35,Account,True
762,cbb1b616-8da7-44d8-943e-b7012ca334cc,Kelli Hinton,2026-04-22 11:34:00.669741,Wednesday,11,31,Account,False
763,dc2a92a0-00e4-418c-ab48-086374b827cb,Joshua Smith,2026-05-14 14:04:47.876859,Thursday,14,40,Service,True
764,215c9872-d429-4c4a-b506-5e44e182b362,Nicole Bennett,2026-04-21 15:47:03.768374,Tuesday,15,31,Technical,False
765,6db8db8b-f1c8-42e2-b8f6-2e953480058e,Brian Price,2026-05-09 01:03:59.373559,Saturday,1,14,Billing,True
766,321665de-b44a-4fe9-b2fb-32fad9a224ea,Jessica Watson,2026-04-26 06:12:51.036651,Sunday,6,10,Service,False
767,24c56f3a-5ee0-4388-9002-fb99482e3099,Roger Anderson,2026-05-13 23:34:49.828787,Wednesday,23,10,Technical,True
768,14488cf9-d831-4a91-9611-209ab488c3a2,Lori Carter,2026-04-27 13:16:07.122019,Monday,13,24,Account,True
769,0b9190f6-6768-4e14-a399-836a5c7c57f6,Albert Jackson,2026-05-05 15:46:10.492092,Tuesday,15,37,Service,True
770,c47a2acb-df18-421d-9685-fbd00f625f5a,Tina Greene,2026-04-28 07:14:10.747078,Tuesday,7,6,Service,False
771,a58fec2a-0d5b-4f0e-a84d-e30fbc5da977,David Marsh,2026-04-26 00:28:18.081683,Sunday,0,8,Account,True
772,6fa6b4a8-6f95-464d-be92-a91b4d3052bd,Adriana Savage,2026-04-21 00:53:44.297095,Tuesday,0,13,Billing,True
773,903d96c0-c54f-4439-9dda-731d385dccfa,Heidi Hall,2026-04-28 06:24:00.182800,Tuesday,6,6,Account,True
774,93cb7258-d1f7-4e3c-b7d0-5644c7192304,Patrick Rivera,2026-05-07 03:31:49.074839,Thursday,3,9,Service,False
775,104d22f1-35c3-4058-9554-ab4cc45c6ed4,Andrew Massey,2026-05-15 04:40:08.627398,Friday,4,19,Service,False
776,5163c3ca-e7e1-4303-8571-a3203491335a,David Perez,2026-05-14 15:57:09.126209,Thursday,15,45,Account,True
777,6a2d8d3e-0c30-46be-b6d4-abad364f6293,Antonio Little,2026-05-01 07:11:14.002615,Friday,7,23,Billing,False
778,c6670740-33f0-4e73-a9bc-ad673e36f04d,Mrs. Tammy Diaz,2026-05-07 15:33:31.774046,Thursday,15,42,Account,False
779,b03c18af-fcd4-479e-a14c-8ec0c0d5d9bf,Joel Bird,2026-05-11 02:04:27.131040,Monday,2,14,Service,True
780,1412e1c5-081b-46ab-8e3f-7f26c1be5dc1,Tracy Maxwell,2026-04-20 02:38:54.022728,Monday,2,24,Account,False
781,1fe362da-64c5-4b4c-99c9-b463107dfb82,Tonya Hanna,2026-05-14 00:07:55.647701,Thursday,0,13,Billing,True
782,900d8495-a1bc-4157-9153-649402c4d404,Michelle Watts,2026-05-15 01:17:49.367873,Friday,1,17,Billing,False
783,0f19edd5-123f-45c7-94f2-ad9aac56fa9d,Christopher Kim,2026-04-19 16:49:11.582151,Sunday,16,26,Account,False
784,32433b9b-8679-43dc-ad62-bcc6eacb3b05,Barry Garcia,2026-04-25 20:43:52.095005,Saturday,20,8,Billing,True
785,efa6aae8-3b0d-4132-9e31-f0670d642153,Norman Ortega,2026-05-06 22:13:33.444071,Wednesday,22,4,Billing,True
786,ae1f7989-9870-4bf3-9550-d18f82d472d0,Brandon Jones,2026-05-01 20:44:55.694106,Friday,20,19,Technical,False
787,8cbe1e0d-cb97-4b1b-ac7e-38f9045c4008,Kimberly Lewis,2026-04-25 07:53:57.747551,Saturday,7,3,Service,False
788,2a053746-45b7-483f-b6a4-920448188001,Jennifer Morris,2026-05-12 15:42:37.785694,Tuesday,15,13,Technical,False
789,658e0dac-58aa-4412-97ba-bccbaab2961f,John Anderson,2026-05-03 22:01:42.160167,Sunday,22,12,Technical,False
790,f1bb2e9e-d258-43d1-8919-dc8aeb3c856d,Gabrielle Holmes,2026-04-30 13:39:54.915434,Thursday,13,25,Technical,True
791,6b09d2db-9f6c-49b7-b68c-c67f3db44d0b,Dale Madden,2026-05-17 09:02:16.418158,Sunday,9,20,Service,True
792,977c331d-60ba-4b15-aef7-c577f907e733,John Rodriguez,2026-05-09 13:42:16.193718,Saturday,13,26,Account,True
793,267ae587-c114-4892-9597-15ed4ef2e610,William Tran,2026-05-17 07:43:49.560714,Sunday,7,9,Technical,False
794,0cc84fc4-de62-43cd-a703-616ad1b3770e,Mark Miller,2026-05-15 04:49:59.133137,Friday,4,29,Service,False
795,c98d3b94-f565-4095-982f-7fbdac704163,Brenda Curtis,2026-04-22 18:56:08.597197,Wednesday,18,7,Technical,True
796,d0a59aa2-1855-4d60-b0ab-13f39a47f54b,Megan Sullivan,2026-05-13 08:20:54.927217,Wednesday,8,11,Service,False
797,8205a6b9-16bf-49e9-9235-30b01f01fe11,Kelly Ramirez,2026-05-01 12:31:42.997403,Friday,12,27,Technical,True
798,fed0dd81-afa5-43bc-82a5-3a9378f2d946,Lynn Sherman,2026-05-08 02:36:54.066773,Friday,2,21,Billing,False
799,ff3a1027-7d77-41ad-a4c5-b296f138b927,Jeremy Patterson,2026-04-29 13:05:53.680052,Wednesday,13,31,Service,False
800,46bc3eb6-cec7-4692-a328-556469effdc4,Scott Reed,2026-05-05 15:25:37.093130,Tuesday,15,22,Service,False
801,393539d5-b1d0-46db-8953-451761d7c6a6,Miss Angela Maldonado,2026-05-07 09:30:53.829875,Thursday,9,42,Service,True
802,8ac1a8d1-7a15-4058-b5c3-cab39856ff68,Holly Preston,2026-04-29 13:32:44.424991,Wednesday,13,28,Technical,False
803,b2277d39-e980-47fb-bc67-aa6f38db910d,Ray Dean,2026-04-30 23:25:28.379433,Thursday,23,3,Billing,False
804,a2f7097a-9154-4cb0-8853-8d8582c40d07,Melanie Webb,2026-05-05 03:14:13.596425,Tuesday,3,5,Service,False
805,a839887c-3e86-472a-b683-455f6b4503ca,Tammie Meyer,2026-05-13 14:18:32.301742,Wednesday,14,30,Technical,True
806,93bb1969-1d59-487f-bac7-78f51e739d01,Alicia Johnson,2026-04-29 16:53:38.976321,Wednesday,16,11,Billing,True
807,9cee6d01-609a-4e17-aa44-8bb1029516d7,Denise Baker,2026-05-10 14:56:53.580142,Sunday,14,22,Billing,True
808,9ed96972-9049-4d05-8dfb-85ee78eac642,John Robinson,2026-04-21 14:06:17.778040,Tuesday,14,21,Billing,False
809,f8b3152c-15d7-4cd8-b21a-b7b6deafacc2,Denise Cook,2026-04-20 04:39:15.191202,Monday,4,11,Billing,False
810,5a76f79b-e237-4ef3-beec-6b2b24eb90fa,Jerry Williamson,2026-04-24 09:00:19.668477,Friday,9,24,Account,False
811,aff5c3de-857f-4f9b-a73d-548a8c991d02,Sara Boyle,2026-05-12 20:54:53.877934,Tuesday,20,2,Technical,False
812,f103a841-b969-4d04-9ba8-67b3137fa318,Melinda Morgan,2026-05-07 05:52:11.335637,Thursday,5,4,Service,True
813,2470a4e0-4ef1-4abc-9b65-f4ca3a83767e,Daniel Robertson,2026-05-11 01:59:55.250859,Monday,1,14,Technical,True
814,4534528d-056a-4117-bf76-fd4ff52552e8,Victoria Cook,2026-05-05 13:57:34.447906,Tuesday,13,31,Billing,True
815,ff21a1f8-add4-4c13-83b4-061c88a10435,Cynthia Smith,2026-05-01 13:39:27.282212,Friday,13,39,Billing,False
816,d7fcce4d-bb69-4b20-8d4a-ff9d4f0ca79e,Carla Armstrong,2026-05-16 20:12:03.588298,Saturday,20,9,Technical,False
817,2d8606e6-9d89-4a24-83e1-df754e5f2ded,Erin Murillo,2026-04-22 19:40:56.316607,Wednesday,19,14,Technical,False
818,98b0de1b-3fb7-4052-b299-3e78a3f1d6af,Joshua Rivers,2026-05-11 06:07:52.923007,Monday,6,21,Service,True
819,53bb3c15-d413-4dda-817c-4f731df0d776,Brandon Dunn,2026-05-02 09:53:18.893666,Saturday,9,41,Technical,True
820,5d379851-9fdd-4df5-aef6-1837eb0cd4a0,John Boyd,2026-05-15 23:29:07.350199,Friday,23,16,Account,True
821,3fa32352-21ab-4d2d-bf7a-ee197917f58b,Reginald Andrews,2026-05-15 18:09:04.496013,Friday,18,17,Technical,False
822,d1a0a1e8-a6d0-40df-80c9-71908fe63c12,Mary Osborn,2026-04-22 03:50:15.085265,Wednesday,3,3,Service,False
823,76011625-2586-4a04-92c4-e43e7b3a0769,Katherine Wong,2026-05-12 22:24:20.633430,Tuesday,22,9,Billing,True
824,ebb0f5be-2058-406d-99d1-c47f84601fe5,Cody Green,2026-04-30 02:02:57.066006,Thursday,2,14,Account,True
825,0c86ae01-338a-4fbc-af07-17e3561ca724,Michael Lee,2026-05-15 08:11:10.195414,Friday,8,11,Account,True
826,be1b6a16-7978-4f3b-87e7-49c34f99b3e3,Patricia King,2026-05-03 04:01:33.282859,Sunday,4,5,Account,False
827,e010f604-a44a-47ff-9cc5-90694bad23dd,Kara Bolton,2026-05-09 23:03:05.687461,Saturday,23,2,Billing,False
828,e46ff608-5705-47f5-9d7b-96895b5f3630,Omar Mcdonald,2026-04-26 04:14:57.484116,Sunday,4,7,Technical,False
829,d2d2d434-40ab-4996-957f-f6f8f7bf04cc,Nancy Taylor,2026-04-21 10:13:57.246434,Tuesday,10,10,Service,False
830,fb49da5e-534f-45d7-8d26-5ee749bffe3d,Joshua Sellers,2026-05-04 10:02:25.551040,Monday,10,44,Technical,True
831,baf03041-ee7e-40e8-8fab-c8ae12403dc7,Stephen Stewart MD,2026-05-17 13:09:56.417608,Sunday,13,41,Service,False
832,a59ad051-3588-474d-a58f-68901a3eab18,Crystal Graham,2026-05-10 03:23:12.816546,Sunday,3,4,Service,True
833,b616e7e2-314d-46b4-bd88-9e47eb2983dc,April Scott,2026-05-06 06:19:59.739768,Wednesday,6,4,Service,False
834,dd39fe4e-cd08-4f1f-819f-698f126deb07,Juan West,2026-04-30 14:50:39.661898,Thursday,14,40,Service,False
835,d0ed837d-8ce4-4117-bb74-5af0de0718bb,William Andrews,2026-05-03 09:18:11.759076,Sunday,9,35,Technical,False
836,185ce6d0-d0fa-438b-8974-6deebe1bcbaf,Anita Bailey,2026-05-17 10:11:33.933068,Sunday,10,38,Technical,False
837,0dee9994-cad6-4ddb-b38a-5c0d1b5c275a,Katherine Vang,2026-04-20 01:38:50.478927,Monday,1,18,Service,True
838,2ed0d804-09b0-410a-b130-8a3bff888dab,Mark Berry,2026-05-14 03:29:14.232469,Thursday,3,6,Service,True
839,0e59a646-7ef1-43f8-a3de-d09a4325f211,Kayla Howard,2026-05-15 13:12:03.237038,Friday,13,43,Billing,False
840,b615a9e1-a0d8-4033-bb25-0a18b63c5ea8,Charles Gibson,2026-05-05 07:20:04.159625,Tuesday,7,2,Technical,False
841,523915a5-0b63-4df6-874e-a359351abacd,Alejandra Clark,2026-04-23 19:36:40.620327,Thursday,19,3,Billing,False
842,3683ac09-e610-426f-9001-f3bd72b79f72,Amy Steele,2026-05-05 12:03:31.055171,Tuesday,12,26,Technical,True
843,54b5079e-c698-47e2-91bd-bad271b9e920,Sarah Sparks,2026-05-18 09:31:05.014770,Monday,9,26,Account,True
844,c1801b1a-4889-49af-a5fa-f07e83a98370,Monica Williams,2026-05-16 09:15:48.902465,Saturday,9,38,Service,True
845,3f72b910-dc10-4f86-af03-35ac7ea0e52e,Cheryl Medina,2026-05-18 13:44:40.321376,Monday,13,32,Service,True
846,ce6a3722-01c9-4293-911a-ba41a1a5636d,Jennifer Garcia,2026-04-27 23:21:47.329092,Monday,23,21,Technical,True
847,01aa565b-88f3-49a0-b58a-2653bd6d65fc,Chris Hall,2026-05-02 21:48:34.571495,Saturday,21,12,Technical,True
848,4bfb2933-6413-4ce0-9559-0f472f388d01,Yvonne Williams,2026-05-10 17:34:09.993318,Sunday,17,43,Technical,True
849,db3d34d1-5f96-464a-b3c3-403347c3a0e8,Samantha Wilson,2026-04-27 18:17:58.424842,Monday,18,23,Billing,False
850,18f8d84a-13e5-4b12-ade1-88b4be647c07,Amanda Braun,2026-04-29 22:14:55.576490,Wednesday,22,8,Billing,False
851,0173fa19-6f8b-476a-9410-7def95bdb004,John King,2026-04-20 02:59:46.994017,Monday,2,14,Technical,False
852,f8b5e61b-fec0-4b64-8213-a7f56c27c4a8,Kimberly Rubio,2026-04-23 02:04:34.138078,Thursday,2,5,Billing,True
853,78c00558-1ba8-4aa1-9604-6ff00cd7b25f,Kaitlyn Hill,2026-05-13 16:09:01.492081,Wednesday,16,32,Service,False
854,0fad1bf9-02e0-43b3-bb55-9d2879654ea6,Gloria Lam,2026-05-16 00:39:46.698715,Saturday,0,3,Account,False
855,e899851f-c3e2-4c20-a1d6-fd499b796bf6,Jonathan Duncan,2026-05-15 18:40:17.592739,Friday,18,15,Account,True
856,c63b8eb8-f1cf-4798-a54d-6d5e5c16781a,Frank Gomez,2026-05-14 16:29:02.055876,Thursday,16,28,Billing,True
857,6ce30d1c-6df2-4d6f-95e9-2242bf5b5eb4,Peggy Yang,2026-04-19 10:49:37.272567,Sunday,10,25,Service,False
858,594e5753-4ee6-4eb2-957e-f68b42ee6bd1,Donald Lopez,2026-05-05 10:48:21.973344,Tuesday,10,16,Technical,True
859,d4d0ff16-801e-42d8-abfd-40a3af7b72b4,Brian Hill,2026-04-26 05:12:00.700307,Sunday,5,9,Account,True
860,0d9b7e1c-7d49-4b58-bfed-f572fe951428,Cody Robinson,2026-05-07 03:02:28.122034,Thursday,3,12,Service,True
861,5063ae57-6723-4ae3-8617-d4f386651d9c,Edward Reyes,2026-05-09 18:11:23.079688,Saturday,18,5,Service,False
862,bae03047-5725-4a1a-9c5d-3cc78a2b0c70,Rebecca Clark,2026-04-26 20:10:15.879233,Sunday,20,13,Account,False
863,e35efa9c-f7be-4e53-9479-938d8a7b7ee3,Jocelyn Thomas,2026-04-24 04:56:03.782373,Friday,4,15,Billing,True
864,5915aec1-c222-4bcd-92b9-571bcbefee66,Christopher Hawkins,2026-04-24 05:44:00.611559,Friday,5,22,Billing,False
865,89f838fc-ceb5-467a-846f-27e76bc5d3db,Melissa Bush,2026-05-02 04:21:38.283848,Saturday,4,2,Billing,True
866,2dcee4f3-1f23-4cef-ab58-d71d33a3db0f,Peter Ford,2026-05-12 09:05:40.693169,Tuesday,9,26,Service,False
867,8e1d89c4-14d9-4774-9fed-4108f71fde16,John Miller,2026-05-14 11:41:02.676145,Thursday,11,32,Billing,False
868,b9a7ec49-98fd-41a6-8a9c-22d044c6643e,Yvonne Pruitt,2026-04-20 09:10:49.455438,Monday,9,28,Billing,False
869,5c28caf1-7a94-4d19-a380-0076d8fd9bef,Joseph Lawrence,2026-04-27 14:09:11.169827,Monday,14,23,Technical,True
870,5ad0bb4b-83a2-4143-a2c8-b7b70f543119,Crystal Jackson,2026-05-04 11:09:26.113052,Monday,11,47,Billing,True
871,02d8b2c6-ecee-4d52-bfaf-17e7088eae18,Brandy Richardson,2026-05-11 02:13:23.107069,Monday,2,21,Service,True
872,7c13b5a3-c0f0-4622-99a3-b20c46c9610e,Stephanie Hurley,2026-05-10 06:13:14.794268,Sunday,6,10,Billing,True
873,01e5f53b-97c8-4ea9-b631-adaea275ae63,Garrett Hernandez,2026-04-27 23:23:43.682569,Monday,23,14,Technical,True
874,264592f7-fff4-44d7-88c5-9f07c1ad4674,Kelly Vasquez,2026-05-14 22:15:00.544861,Thursday,22,12,Account,False
875,e06979de-d714-446b-b07e-e25ca097d046,Miss Dawn Good,2026-05-03 04:25:23.274060,Sunday,4,11,Billing,False
876,f9acde38-1df7-4655-a6e7-82216f4b099a,Vickie Lutz,2026-05-05 21:00:05.097553,Tuesday,21,15,Billing,True
877,2b928c8a-0ae6-4cf5-b0c0-231345de9948,Cory Lawson,2026-05-12 11:33:07.831485,Tuesday,11,10,Billing,False
878,5843e7cf-57f4-4425-8150-ed73139480fe,Kimberly Kennedy,2026-05-09 18:23:33.866415,Saturday,18,4,Technical,True
879,05e8f8d3-9a69-4e82-ae4c-74f4ebdf7693,William Lynch,2026-04-28 01:23:16.841334,Tuesday,1,8,Account,False
880,0612140e-c371-41fb-9cf7-f6d81e7bb2d1,Richard Harris,2026-05-12 07:18:59.548731,Tuesday,7,4,Billing,True
881,4dc58a81-81fa-47cc-95ff-2cb717adc9fb,April Johnson,2026-05-12 18:46:39.356023,Tuesday,18,4,Technical,False
882,a2a6a912-2003-48da-9c3f-897efad46218,Raymond Braun DVM,2026-04-26 03:12:56.995948,Sunday,3,15,Technical,True
883,7b625d92-66fd-4d2f-8a7c-ea0d9119c202,Curtis Andrews,2026-04-21 18:40:24.838097,Tuesday,18,2,Billing,True
884,54fba326-d48d-49c9-a3eb-00ce747cf85c,Mrs. Nicole Stewart,2026-05-14 19:59:04.903421,Thursday,19,11,Technical,True
885,5bc27b93-797d-4582-99c4-14e6e0b37533,Caitlyn Harvey,2026-04-20 07:20:54.250784,Monday,7,19,Billing,True
886,0b52ea58-34c4-4200-829b-810d1cee200c,Geoffrey Kent,2026-04-22 13:23:38.884869,Wednesday,13,24,Service,False
887,e5a285a3-0142-48ff-88f0-16314e726cd0,Christina Berger,2026-05-04 18:28:20.332728,Monday,18,20,Technical,True
888,92fd9ca3-5021-4cb7-a366-27eb3440ca05,Erik Parker,2026-04-27 18:12:41.814983,Monday,18,25,Technical,False
889,4ba773c0-b1df-440d-8fd2-a4f83b746469,Kimberly Ayers,2026-04-26 09:36:56.928290,Sunday,9,18,Billing,True
890,93a7485a-81a8-44bc-adba-ad11a7bacc24,Ryan Adams,2026-04-26 06:56:42.430986,Sunday,6,6,Technical,False
891,d73fd31e-c0ca-4439-9554-c14033d2bffb,Savannah Garcia,2026-04-25 08:49:01.445247,Saturday,8,10,Technical,True
892,68ee0968-567d-45df-9263-94f1ac4b8cae,Jamie Barker,2026-04-26 04:25:02.659420,Sunday,4,6,Billing,False
893,62792966-7a59-45e2-b4ce-1042bf892f51,Brian Klein,2026-04-29 11:52:03.663370,Wednesday,11,16,Billing,True
894,97f4c46f-c104-4b88-a013-71b10734a528,Robert Wallace,2026-04-19 07:02:49.905841,Sunday,7,5,Service,False
895,d68f5875-582b-4ce1-82ad-1eb01ed5bef1,Yesenia Cruz,2026-04-27 04:28:25.728931,Monday,4,26,Technical,True
896,cdefca93-ecf3-4bdf-916a-86e3b4d4b74b,Andrew Mays,2026-04-19 18:11:31.696935,Sunday,18,15,Billing,True
897,a5549c08-08b5-4dd0-b234-082bc0fe3df3,Melanie Robles,2026-05-01 08:51:05.845370,Friday,8,21,Account,False
898,59aa6ffc-bf0a-49c2-8ddd-2737530bc148,Daniel West,2026-04-29 06:48:18.032825,Wednesday,6,14,Account,False
899,d5da49b3-7fe0-452c-baad-4575fa291d96,Kaitlyn Carson,2026-05-12 14:06:42.491741,Tuesday,14,30,Service,False
900,724768a1-7260-41be-a543-491fe2e2713d,Lori Booth,2026-05-01 02:04:00.140450,Friday,2,13,Account,True
901,dcc2fd13-7c0d-42a7-a5d2-7b6d9f1f288f,Grace Joyce,2026-04-27 22:20:01.610447,Monday,22,26,Technical,True
902,f787aae9-2a0a-4f8b-912e-db9b90719ead,Brooke Thomas,2026-05-08 12:19:03.564447,Friday,12,25,Service,True
903,2323f023-5a84-490e-8916-5a3dd8810103,Courtney Shields,2026-05-15 13:10:19.744166,Friday,13,26,Account,True
904,a2c5de87-2447-4be4-b93f-d22b8cabc58b,Alisha Barton,2026-04-30 07:37:25.786143,Thursday,7,14,Account,True
905,24d990af-6f95-473c-8965-e2eac3b541b0,Laura Thomas,2026-04-21 12:12:21.649728,Tuesday,12,16,Account,True
906,059f8649-6288-4300-80b0-b04de0efa8c4,Angela Wilson,2026-05-03 11:26:04.070958,Sunday,11,44,Service,False
907,e828c5d5-9150-4919-9d05-bfeb8ce34e89,Stephanie Patel MD,2026-04-20 21:56:07.684990,Monday,21,21,Account,True
908,01c66353-d8ed-4466-a5f4-b24828bdd65c,Michael Thornton,2026-04-23 05:04:25.507471,Thursday,5,12,Technical,True
909,d6ba74f7-2ea9-4b65-83fb-2f75bf503b3f,Jessica Jones,2026-04-27 12:18:42.519544,Monday,12,57,Service,True
910,0aa81e7c-f1e8-4144-b6f0-8aef80a27c3b,Teresa Gutierrez,2026-04-25 16:47:44.194663,Saturday,16,35,Account,False
911,baa97969-289d-4854-a672-93709934050b,Rhonda Woods,2026-04-30 08:19:06.875640,Thursday,8,10,Technical,False
912,d129bdb8-b36a-4895-a2f3-8ff21eccb37b,Christopher Wright,2026-05-07 22:50:00.686291,Thursday,22,4,Billing,False
913,ded3e075-6b0e-46f1-be90-52a3114141d2,James Miller,2026-04-27 00:13:10.021641,Monday,0,18,Service,False
914,7c02c659-568a-4cdb-a69b-3291eabea4d3,Susan Miller,2026-04-21 03:21:44.061137,Tuesday,3,6,Service,False
915,2d4b2660-b4f4-4a2b-bab0-e659150585fe,Mr. Timothy Adkins,2026-04-19 18:13:32.469469,Sunday,18,14,Technical,False
916,90079a91-2159-4ff8-9ae6-288e24d51145,Christopher Johnson,2026-05-01 14:43:59.772470,Friday,14,49,Technical,True
917,b83360d0-914e-4e14-899f-c9da1a43d98f,Lynn Stone,2026-05-16 11:42:44.623664,Saturday,11,19,Technical,False
918,3d74e3cc-911b-449f-a20f-9dfc8d50ec1c,Sheena Lopez,2026-05-04 12:39:51.357731,Monday,12,23,Service,True
919,21c45cea-af2e-4ca7-8695-1ab476349a4e,Brittany Weaver,2026-05-11 03:19:26.921372,Monday,3,9,Account,False
920,bcc1fc8a-a681-40fe-ba71-37f5fe42cb9c,Nicholas Jennings,2026-04-26 10:27:02.139415,Sunday,10,12,Account,False
921,69ce6263-23e7-4b84-8f1e-2ffbc05ce5e6,Steven Thompson,2026-05-01 00:47:40.744007,Friday,0,15,Technical,False
922,513988a8-7470-47d1-8a10-8877165923e2,Jason Flores,2026-04-30 16:13:08.908028,Thursday,16,16,Account,False
923,9d6a8c38-0fe8-45b3-aa7d-4631c0b9d1c6,Stephanie Mccoy DDS,2026-05-11 15:18:51.364142,Monday,15,45,Service,False
924,8dc7c176-2cb0-4cee-8549-cc9a0e7ed6c3,Michelle Smith,2026-04-23 04:53:01.783383,Thursday,4,2,Technical,True
925,eeca4aa9-fb76-4f6b-b8a6-ea23bea44193,Melinda Carter,2026-04-25 10:46:41.246644,Saturday,10,23,Technical,False
926,2995a9db-da21-4edd-858d-6ec3045e4048,William Gordon,2026-05-15 09:42:04.973766,Friday,9,40,Service,False
927,297db42c-4601-4f24-9fc6-2c01cf3546bf,Joshua Ford,2026-04-29 11:35:30.789472,Wednesday,11,26,Account,False
928,98fa5547-29f6-4c13-8ae5-a74a321ea870,Megan Davis,2026-05-15 04:18:28.257173,Friday,4,28,Technical,True
929,0a897093-daca-41f1-a3c6-9291055b87c6,Theresa Wright,2026-05-15 01:58:14.574845,Friday,1,23,Account,True
930,ff99714e-9bfb-46e5-9cd4-c86c90b31622,Austin Mcdonald,2026-04-30 05:56:42.110696,Thursday,5,15,Service,False
931,0a2e9a72-2cef-4098-9ee8-7bc945331062,Christopher Kim,2026-04-21 08:59:39.490246,Tuesday,8,6,Billing,True
932,79c81789-7037-4e27-adfe-c2dec33ce1c0,Robert Krause,2026-05-03 07:44:35.583938,Sunday,7,5,Account,False
933,f2b5a157-7116-40f7-bcf8-35b5e36af3ac,Austin Nguyen,2026-05-07 10:53:07.314966,Thursday,10,10,Account,True
934,39810efd-ce23-4633-8204-44b9ceb7a02b,Bradley Morris,2026-04-28 20:50:18.610115,Tuesday,20,14,Billing,False
935,3918ebe6-d8c8-40e7-af4b-3e62e5e2aef4,Kaitlyn Vasquez,2026-04-30 00:21:18.956650,Thursday,0,14,Billing,True
936,0460c863-bbb9-4110-aab4-9ee017b89e3f,Amanda Perry,2026-05-15 06:14:21.583190,Friday,6,20,Account,False
937,f5019614-b172-4e8b-abd9-a42a45895495,Jonathan Young,2026-05-12 21:47:24.963433,Tuesday,21,11,Service,False
938,ba6d80a4-daff-49e9-8eb3-b2ebbc3ec289,Kathryn Bradley,2026-04-23 02:28:22.710516,Thursday,2,14,Technical,False
939,28baf76e-8948-4a19-8990-ac5b863d5ea5,Ronald Douglas,2026-05-01 00:21:03.091059,Friday,0,11,Technical,True
940,f914b058-1862-4395-bfca-a8732f0db426,Tammy Escobar,2026-05-10 11:57:34.169368,Sunday,11,42,Account,False
941,973a182c-f999-4811-85ab-258ec31213d4,Chelsea Rowe,2026-05-07 00:58:11.517084,Thursday,0,6,Technical,True
942,59b8fbad-a683-4dc6-a29d-c2333d1cc521,Jeremy Jackson,2026-04-22 11:26:15.728992,Wednesday,11,10,Billing,False
943,a84af58e-6a3a-4ca5-b168-d717b9bb4946,Katherine Moore,2026-05-11 18:36:56.628146,Monday,18,13,Billing,False
944,f78df037-5f47-49f7-93af-2e75923dc2ee,Mrs. Andrea Garcia,2026-05-04 10:27:30.518584,Monday,10,52,Account,False
945,c95f0164-9ed0-4128-aef8-66a7042aacae,Anthony Carlson,2026-05-10 11:54:01.093605,Sunday,11,29,Service,False
946,67683d17-168d-4e93-b150-7989aa9f2e6d,Jessica Shepherd,2026-05-16 19:14:21.580629,Saturday,19,5,Billing,True
947,482f99d1-dc88-4186-8be5-8596eb6ef412,Eileen Brown,2026-04-22 06:01:28.038480,Wednesday,6,9,Billing,False
948,8dba4f6b-85aa-43b1-be08-9908e986bc64,Holly Evans,2026-04-22 21:14:30.975673,Wednesday,21,6,Service,False
949,49703274-2e8f-414c-81fc-1c741506cab7,Lisa Campos,2026-05-17 11:21:24.328984,Sunday,11,25,Billing,False
950,40c326b9-ee6e-4ee1-af73-10cb6a36af96,Tiffany Rosario,2026-05-07 03:34:30.101546,Thursday,3,7,Service,True
951,d078b701-b9e0-4070-80ca-5c15c8234735,Bonnie Banks,2026-04-23 02:59:34.337771,Thursday,2,9,Billing,True
952,269a790b-9036-4f6e-a40c-75d4883fe0a1,Susan Anderson,2026-04-25 04:55:48.652550,Saturday,4,8,Billing,False
953,bbaa3e79-a91b-4d26-a4f9-a9061972d41b,Ellen Lane,2026-04-24 20:07:19.848005,Friday,20,18,Technical,True
954,a88b0598-f0a1-4e59-90f8-643c54a2f681,James Martin,2026-05-09 08:59:23.892051,Saturday,8,6,Technical,False
955,659d9c5c-5610-48a7-87f4-eb58ce9dff60,James Taylor,2026-04-21 20:11:27.433635,Tuesday,20,6,Service,True
956,c963e475-ba42-40a0-9af5-ebd1cf9b92ec,Kevin Lee,2026-05-01 23:57:41.973611,Friday,23,18,Service,False
957,40c90eb3-4e2c-4433-b025-18d248ea84c3,Walter Christian,2026-04-30 19:58:11.004646,Thursday,19,8,Account,False
958,6e49b881-38ab-4853-9ee9-2b9384765bef,Yolanda Jackson,2026-05-07 21:18:42.653205,Thursday,21,10,Account,True
959,2a6f4761-a412-4559-a0b4-1033a63551be,William Callahan,2026-05-17 11:21:27.521555,Sunday,11,11,Billing,False
960,d09adeff-e3ae-4eda-92d1-bab4f4be077f,Christy Keith,2026-05-07 03:34:36.388031,Thursday,3,11,Technical,True
961,6c8b7c2a-e30a-4556-b119-e48a8aed9216,Brandy Lewis DVM,2026-05-02 02:26:57.372215,Saturday,2,10,Billing,False
962,7bc0e6c5-b75d-4a4d-8d2f-7074822a1291,Jerry Smith MD,2026-05-07 08:23:39.903846,Thursday,8,14,Technical,False
963,17640727-8d62-4005-b295-768a91a62ff5,Cheryl Phillips,2026-04-30 21:20:19.806561,Thursday,21,7,Technical,False
964,0b56b700-f9c3-4c8d-b6d7-b5fd7b02fb57,Teresa Wolfe DDS,2026-05-03 02:10:23.912006,Sunday,2,14,Account,True
965,66b0970f-337f-4bf4-beea-95a75e8a5d9c,Benjamin Guerra,2026-04-23 17:11:03.008095,Thursday,17,16,Technical,False
966,1dc18311-2b70-4d86-ba1c-6cf7ddacc54f,Jamie Ferguson,2026-05-09 02:28:51.652413,Saturday,2,10,Service,False
967,dfe3ccdf-d2b4-4e66-a0b9-5b294ebed068,John Hernandez,2026-05-06 12:45:48.809951,Wednesday,12,20,Technical,False
968,264fabd3-680b-4776-8685-36e11830076b,Paul Stone,2026-04-28 01:19:34.006385,Tuesday,1,3,Technical,False
969,17900cbe-08f4-441e-b215-1a66afe13683,Kenneth Reynolds,2026-05-10 20:12:54.893967,Sunday,20,6,Account,True
970,be6422cf-c417-4a67-84c8-02bbb571e48a,Joseph Hayes,2026-05-08 07:31:34.511991,Friday,7,24,Service,True
971,cc58fda3-5e31-4447-82b4-1429096f47f6,Timothy Knight,2026-05-10 14:40:33.182453,Sunday,14,15,Service,False
972,53294c03-5569-4de4-94f8-aea8f8ce8af2,Allison Soto,2026-04-30 19:56:56.373418,Thursday,19,4,Service,True
973,b932894f-9435-4b95-826a-2caf9f9580c3,Caleb Mitchell,2026-04-19 17:00:39.355905,Sunday,17,32,Service,False
974,e6538530-c73f-472b-b7e9-240c70654a5f,Susan Boyer,2026-05-05 04:56:14.731799,Tuesday,4,6,Account,True
975,3f101cb9-2f3a-41f6-8048-a4a0c3c4a91a,Alyssa Mcconnell,2026-05-11 14:28:06.141721,Monday,14,25,Account,True
976,5a50b1c8-e162-4e82-8b94-265eefd1c95e,Brent Martinez,2026-05-09 20:06:32.878332,Saturday,20,3,Account,False
977,4b3f4689-0465-48a3-a98d-ca4135e154bb,Brett Jackson Jr.,2026-05-14 14:11:39.967832,Thursday,14,41,Account,True
978,6f3ae321-f920-4adf-9d2a-50d0b7c4e36d,Dawn Moore,2026-05-16 16:02:59.406708,Saturday,16,24,Technical,False
979,be1c203b-5fa1-44bd-ba1c-096a910b4438,Diana Mason,2026-04-29 18:00:23.065950,Wednesday,18,7,Service,True
980,c7d5e18d-c8b0-48a4-9677-1b1ccffae60b,Jimmy Grant,2026-05-05 00:34:55.808196,Tuesday,0,7,Service,False
981,9671fab7-a2d5-44b1-9956-842cee28097b,Richard Maldonado,2026-05-03 17:38:19.331377,Sunday,17,24,Account,True
982,7b93bc1b-d10d-45f5-9ac9-94f6e32b1b70,Richard Briggs,2026-05-18 11:34:21.260259,Monday,11,57,Billing,True
983,092b6e86-d9a2-4065-a81d-3d19e8d1f27c,Joseph Mitchell,2026-05-18 10:03:16.520952,Monday,10,23,Account,True
984,18639268-ebde-41cf-8498-f353fd703355,Pamela Crawford,2026-04-30 03:16:08.580958,Thursday,3,4,Technical,False
985,73a4f751-b129-4df5-ba88-1d71c6397652,Juan Frank,2026-04-19 18:29:43.648739,Sunday,18,13,Account,True
986,f6447a46-8f17-484e-b541-c34c56b59b89,Melanie Robles,2026-05-16 21:07:31.292822,Saturday,21,13,Technical,False
987,200d5be5-6390-4699-b21b-e6f9746de7c2,Brent Hall,2026-04-21 00:18:26.237643,Tuesday,0,3,Service,True
988,17140747-d67f-4058-9318-e389b0507fcf,Stacy Sanchez,2026-05-04 13:11:18.288491,Monday,13,29,Technical,False
989,a832098c-7bce-446b-aa94-e08b44a1e03b,David Harris,2026-05-01 13:38:19.796997,Friday,13,42,Service,False
990,e6faf2aa-ff16-4e99-8db0-fc3f78a5dbe4,Melissa Wilson,2026-04-27 15:42:32.399370,Monday,15,30,Service,False
991,5c12c6d8-3d70-4622-86aa-683508801aab,Monica Thomas,2026-05-17 01:52:07.943148,Sunday,1,12,Account,True
992,49196836-0a68-4247-bcec-b78713fd6210,Katie Harvey,2026-05-04 03:36:53.190850,Monday,3,28,Account,True
993,eca3d7b6-2c5a-446e-8c77-8810a6c89d78,Anthony Shaffer,2026-04-19 18:45:27.462731,Sunday,18,6,Service,True
994,b9c2d8ae-d3b1-4d89-ad0f-31c00cfc6cd3,Shelley Hill,2026-05-06 05:07:16.263465,Wednesday,5,10,Technical,False
995,a6e6c119-f997-446b-aceb-c9ea3f0c9e09,Ryan Harding,2026-05-07 16:50:56.004461,Thursday,16,30,Account,True
996,cb16fb16-76c4-4df5-9dce-947a5efb11bf,Richard Collins,2026-04-20 08:39:40.736086,Monday,8,19,Account,True
997,32c98341-1f10-44f8-be5a-11abc124b631,Matthew Newman,2026-05-05 01:48:11.348644,Tuesday,1,10,Technical,True
998,34b37668-56c6-44cb-a487-bf6dcf10cd74,Paula Brown,2026-05-15 22:04:49.249796,Friday,22,17,Account,False
999,b70d9f81-77d1-4a0f-aaf6-a679e16dee9b,Jonathan Smith,2026-05-09 19:20:18.621478,Saturday,19,10,Account,True
1000,5d261783-1efd-4a52-acf3-12b0c7b74f30,Gene Lucas,2026-05-15 20:42:43.927973,Friday,20,17,Account,False
1001,418bb948-8d8f-4190-ab1b-3d2121d7c9ed,Alan Vasquez,2026-04-25 13:11:34.338578,Saturday,13,30,Service,False
1002,5a7897af-c520-4bdf-875b-0f407e3a2c53,Linda Mack,2026-04-18 16:43:53.882720,Saturday,16,11,Account,True
1003,62683dc9-61bf-4b75-8863-788d2102a167,Jennifer Murray,2026-05-09 03:13:14.577025,Saturday,3,6,Technical,False
1004,a92baafe-f871-4694-8358-0eab05f7f34b,Cynthia Crane,2026-05-18 10:16:38.374521,Monday,10,54,Technical,True
1005,77d304d6-cd12-4089-9268-d19540e3590b,Joshua Griffin,2026-04-20 11:27:03.542705,Monday,11,30,Technical,True
1006,0df6e570-1d4a-4e0d-818c-e65547089d99,Meagan Phillips,2026-05-17 11:16:47.781993,Sunday,11,35,Technical,False
1007,7fcde076-48ca-4541-9f3e-b95a52787fbe,Zachary Gonzalez,2026-04-26 19:06:48.703369,Sunday,19,5,Service,True
1008,3d458140-8d55-431d-8496-2c56db409481,Jennifer Mendez,2026-04-21 22:36:40.448956,Tuesday,22,8,Technical,False
1009,e684ce41-a43c-4b9b-8366-b531e3919fc4,Amber King,2026-05-09 03:17:02.785694,Saturday,3,2,Technical,False
1010,eecf35c8-faba-4394-adbd-620274819e40,Nichole Sanford,2026-05-07 02:05:39.976129,Thursday,2,14,Account,False
1011,bf4bcfd5-5b2b-4960-bc7a-99c80628b45b,Nicole Gonzalez,2026-04-30 18:45:20.071850,Thursday,18,2,Service,False
1012,c452bd37-d7f3-4439-8e0d-fc39953f925d,Heather Morgan,2026-05-02 15:05:01.757200,Saturday,15,11,Technical,False
1013,b8ddad74-6bce-46d0-b766-5c8d91cdbea3,Kelly Griffin,2026-05-01 07:46:12.209824,Friday,7,15,Account,True
1014,9ce4bb88-33ba-4b0a-9596-6d81e6b24a4a,Karen Armstrong,2026-04-19 02:50:06.803597,Sunday,2,9,Service,False
1015,50b8c893-ee0e-427d-aa42-2bb2317e379b,Barbara Cooper,2026-04-22 06:43:18.258303,Wednesday,6,9,Service,False
1016,ebb04fbc-3ed8-4a2e-9775-6a46858734ba,Maria Williams,2026-05-05 06:24:34.843299,Tuesday,6,11,Technical,False
1017,dbef63ec-f158-49bf-aff0-bf3200c71d54,Teresa Mitchell,2026-05-03 05:09:25.136117,Sunday,5,11,Service,True
1018,7d4835ac-284d-465e-8a8c-986ac68f4dec,Valerie Foster,2026-04-24 04:03:29.974875,Friday,4,20,Billing,False
1019,640eb787-a729-4cd8-8037-fac97febbec9,Andrew Walker,2026-04-25 20:29:37.011225,Saturday,20,8,Service,False
1020,d2749982-cb65-411c-a2d3-c0f8b7197416,Sandra Bird,2026-05-14 20:41:04.450885,Thursday,20,12,Billing,True
1021,0bb0c378-cc4f-40fd-aaa3-0bd79540da0f,Lori Meyer,2026-05-08 17:32:30.647754,Friday,17,27,Account,True
1022,95654e9b-1c8a-4fba-9b3c-dfef78f87648,Miss Christy Young,2026-05-03 06:06:03.358570,Sunday,6,10,Service,False
1023,a69abf9c-823b-46be-a17c-8d9cc02b0ff7,Tara Graves,2026-05-18 03:29:41.585512,Monday,3,10,Billing,False
1024,f45079c9-7ec9-47b6-b167-50a1d997149c,David Wood,2026-04-26 18:38:41.613700,Sunday,18,5,Billing,True
1025,54823704-5e25-4da6-b46f-9b681e903d73,Anna Thornton,2026-05-02 22:38:21.606053,Saturday,22,11,Technical,True
1026,5d361b5f-41f8-4bc8-a269-9a6d31e8aedd,Mr. James Scott,2026-04-30 07:04:31.922503,Thursday,7,9,Account,False
1027,ddd05eec-c68c-4e2c-b793-e5a29222eea5,Nancy Sanford,2026-05-09 09:14:39.784833,Saturday,9,37,Account,False
1028,d99f97b8-44b5-44d8-8ab9-a75015e7b72f,Latoya Huang,2026-05-05 00:55:00.460375,Tuesday,0,7,Technical,True
1029,54cf876f-04dc-4815-9f27-aa469ce77c9e,Michele Roth,2026-05-09 10:58:03.255536,Saturday,10,45,Billing,True
1030,bf894a73-8b1c-4c22-a0f1-4eddb424eff7,Nathan Jones,2026-05-06 02:22:41.096698,Wednesday,2,10,Service,True
1031,63915078-328c-4001-ae42-657ecc9ae6a0,Jacob Lee,2026-05-02 06:50:44.342708,Saturday,6,15,Service,True
1032,93b62653-9ae2-4dd2-87b1-a1ff2ec47bdd,Louis Sparks,2026-05-03 13:06:39.919522,Sunday,13,24,Billing,False
1033,aea8d1b1-8d12-48f8-bcea-d98017f65da4,Dean Payne,2026-04-28 20:14:48.221390,Tuesday,20,5,Technical,False
1034,3776d559-23ef-4475-9649-42ad4ae8e794,Wanda Smith,2026-04-26 06:52:47.702005,Sunday,6,4,Technical,True
1035,7a2739fa-3c44-498a-86c7-11a61fe62cf1,Gregory Miller,2026-05-10 21:09:04.253150,Sunday,21,11,Account,False
1036,cfead7a3-30e7-444e-bc48-83cc9ac8501a,Joel Farley,2026-05-15 19:18:47.570452,Friday,19,18,Technical,False
1037,b13e9d8e-654b-4906-aa2b-8338f733daaa,Stephanie Mccoy,2026-04-28 12:11:50.907056,Tuesday,12,37,Service,True
1038,b6f13924-359a-4ae9-be64-4531709a0de2,Robert Tyler,2026-04-24 00:49:38.906601,Friday,0,27,Service,False
1039,f8a6d348-04aa-4514-87f1-697ea11642dc,Madison Williams,2026-05-10 21:50:02.993290,Sunday,21,9,Service,True
1040,816b1941-a779-4c02-9f05-a3fccae1466f,Tommy Lee,2026-05-05 21:16:22.933027,Tuesday,21,13,Account,True
1041,e4314a43-c814-438b-8f96-94033d78ef6d,Samantha Hunter,2026-04-24 15:21:38.009191,Friday,15,16,Billing,False
1042,00e95b26-574b-4b5a-b3ff-d9f0fd87e4b3,Natalie Cruz,2026-05-06 09:07:41.129512,Wednesday,9,31,Technical,False
1043,05826f76-eb42-4ac5-9acf-fda97ce97180,Jennifer Lewis,2026-04-26 15:27:26.465473,Sunday,15,30,Account,True
1044,b3de42d2-84dd-4775-b07b-b0bf27ad62a9,John Fields MD,2026-05-12 02:01:04.958423,Tuesday,2,14,Billing,True
1045,85a9eecb-d43b-47e3-a3bd-509b281f1f38,Nancy Vasquez,2026-05-08 17:13:02.056395,Friday,17,37,Service,True
1046,04901267-5eea-4392-b418-d7ea44726079,Christopher Gardner,2026-05-14 15:32:12.321494,Thursday,15,42,Account,True
1047,c3d2f18c-fb1d-44e5-8924-d79a9c25cd9e,Shirley Murphy,2026-05-03 07:35:48.634920,Sunday,7,2,Account,True
1048,a9b022ec-69ed-4768-91e0-f82ee1963f78,David Gonzalez,2026-05-01 16:03:29.369045,Friday,16,46,Technical,True
1049,35bd976b-eabc-498c-920f-a189c5aff8e9,Daniel West,2026-05-07 03:40:44.512866,Thursday,3,4,Account,True
1050,9c9139cc-a5ee-4dfa-b4b4-3aab37a1967b,David Spence,2026-04-28 22:02:58.463440,Tuesday,22,9,Account,True
1051,a1643db6-093f-46d3-b550-3ea5f55f4d77,Natasha Scott,2026-04-20 03:07:04.095234,Monday,3,22,Account,True
1052,741fc055-7139-4c40-8ec3-aa838baf89dc,Robert Solis,2026-04-23 14:36:52.025697,Thursday,14,39,Billing,False
1053,e82051c0-f1d6-42cf-9a64-27a41c042da2,Savannah Brock,2026-04-24 08:18:58.540694,Friday,8,18,Account,True
1054,54a863e8-b37d-407e-91aa-5e3fdb59fadc,Vanessa Edwards,2026-04-19 14:59:40.558431,Sunday,14,40,Account,False
1055,bb17a08b-d4dc-4ef7-9796-2799dcfae082,Madeline Green,2026-04-23 07:06:17.438703,Thursday,7,12,Technical,True
1056,e866b52b-b200-4210-b269-45ba9c299b9a,Marc Green,2026-04-21 04:01:12.404478,Tuesday,4,13,Technical,True
1057,32b87111-53a4-4829-9ee5-593bca16e4d6,Denise Smith,2026-05-04 14:40:05.181113,Monday,14,16,Account,True
1058,d2627c3d-df23-4761-9341-e76f8ccee77b,Richard Hoffman,2026-05-01 07:33:46.262998,Friday,7,20,Service,True
1059,177f98a2-ab9f-4a2f-9d72-d12ca4f9ce96,Michael Myers,2026-04-26 05:10:05.617470,Sunday,5,6,Service,False
1060,b56ee780-f044-400d-bcd4-c1b996c6db4e,Thomas Foster,2026-04-19 03:35:03.678271,Sunday,3,11,Technical,True
1061,e93a8d1d-ceca-4895-9538-40285ac208f7,Jeremy Bauer,2026-04-21 04:35:47.102167,Tuesday,4,2,Account,False
1062,be68c93a-dfae-4f1e-a6c2-764924a5bfc5,Thomas Ferguson,2026-04-23 21:03:23.697353,Thursday,21,6,Service,False
1063,9be65477-cbbb-4733-b4c1-a804adeb3b8f,Kelly Garcia,2026-05-03 16:43:56.135860,Sunday,16,38,Technical,False
1064,b06224ce-bf05-4e70-920d-630b7186f3c6,Timothy Howard,2026-04-21 12:37:57.826099,Tuesday,12,24,Billing,True
1065,18578214-7b6b-4cd9-8cb3-0af3ebef5ee9,Richard Brown,2026-05-04 21:53:07.819392,Monday,21,18,Billing,False
1066,557401b9-dc81-4e34-bf59-d1d14f8c4b60,Yvonne Wright,2026-05-01 07:13:51.905833,Friday,7,11,Billing,True
1067,58c8c03c-bea1-441f-b1c0-43f6901bb392,Gina Shaw,2026-04-22 11:38:43.023254,Wednesday,11,12,Service,True
1068,db164911-f921-4dd0-a6f8-991fa867aa2f,Amy Berger,2026-04-23 12:14:26.551542,Thursday,12,24,Technical,False
1069,9e21f948-cd9e-48dd-b735-cd6e79014efa,Sharon Rodriguez,2026-04-26 13:11:03.888472,Sunday,13,41,Billing,True
1070,2fd371f7-6a43-4fdf-a760-9b6c17dedc7c,Brittany Olson,2026-04-19 03:02:13.619622,Sunday,3,9,Billing,False
1071,6a38bed3-57c1-4984-bc59-0d994703967c,Mrs. Jasmine Newton,2026-05-06 21:37:56.188432,Wednesday,21,4,Service,True
1072,ca8e1d66-c0f2-428d-aac7-61882fa831cc,Melissa Gray,2026-05-14 17:24:19.600959,Thursday,17,23,Service,True
1073,b89d42dc-457a-4f0c-a127-ff854ef3ec1c,Andrea Rhodes,2026-05-16 13:23:37.427282,Saturday,13,39,Technical,True
1074,3810e4e4-2a91-4117-9ed0-446856065fe2,James Hernandez,2026-05-02 17:39:31.216314,Saturday,17,24,Billing,False
1075,5bacf54e-6668-4b9a-9f7e-d11bece13f45,John Mullins,2026-04-30 02:16:14.873626,Thursday,2,2,Service,True
1076,c73d661c-135b-4a45-8ef3-0d80675764ef,Joseph Ramirez,2026-04-22 11:25:16.289310,Wednesday,11,33,Billing,False
1077,d39d84ff-2ed2-4484-ba57-c7e1de266772,Kelly Shields,2026-05-05 14:06:15.502934,Tuesday,14,43,Account,True
1078,12c8f191-9e56-4a7b-9cf1-0c9ef4b5e466,Mary Cole,2026-05-09 07:36:52.814474,Saturday,7,5,Service,False
1079,540a35c6-cb6e-4be9-97e7-029310ffc27b,Frederick Rosario,2026-04-26 21:46:26.511752,Sunday,21,9,Account,True
1080,44aa8fec-c450-4aaa-8ed9-47eb335ed52b,Megan Hinton,2026-05-14 09:54:16.441301,Thursday,9,39,Billing,True
1081,c3d62423-a4d0-4c77-a8fa-61184843d37d,Ashley Castro,2026-04-21 23:55:03.211109,Tuesday,23,8,Billing,True
1082,7068004f-90bf-41ca-acbc-3ecaa098fafd,Allen Cameron,2026-05-15 08:42:28.737325,Friday,8,19,Billing,True
1083,d26b5a62-4f5f-44d3-b095-5770adac2866,Alexandra Martin,2026-04-20 14:41:01.717224,Monday,14,46,Technical,True
1084,a7f2d4f6-7080-42a8-8c51-90231c5dd599,Dr. Thomas Williams,2026-05-06 01:01:25.585244,Wednesday,1,8,Service,True
1085,8d9c7250-beb4-4eca-a73f-0b855c0e50d3,Scott Castillo,2026-05-13 12:17:38.404906,Wednesday,12,41,Billing,True
1086,11d93ede-fce0-4357-bfb7-f3e0de98d78b,Paula Ortiz,2026-05-16 22:24:39.418886,Saturday,22,8,Technical,True
1087,d5cbdd91-4c82-479d-9b32-45b728f32d82,Jacob Smith,2026-04-23 10:38:58.297864,Thursday,10,21,Service,True
1088,62aa08cf-6b41-4a5a-ac2d-b9514ae4f318,Robert Turner,2026-05-10 17:29:57.227153,Sunday,17,10,Technical,True
1089,29f86107-a6ae-4b87-942e-33844249fe98,Brenda Parker,2026-05-07 07:29:50.637341,Thursday,7,15,Billing,True
1090,5ebcdf95-e086-473d-b759-3f5b52a77590,Kayla Hernandez,2026-05-13 19:48:49.142556,Wednesday,19,8,Service,False
1091,6d6b6c34-f7d1-4d41-b15a-5a200f08a662,Tyler Blackwell,2026-04-25 01:06:48.917040,Saturday,1,3,Service,True
1092,5124b2cd-93eb-44f4-87b5-09c2273bc330,Sheila Parker,2026-04-25 10:53:41.279933,Saturday,10,21,Billing,False
1093,c51c1eee-ba32-43fe-892d-8d8918eedbc5,Timothy Melton,2026-05-04 21:33:36.862910,Monday,21,18,Billing,True
1094,ccb8987f-d117-4ef6-94f8-d95d15c27a42,Regina Price,2026-05-12 00:45:21.591149,Tuesday,0,9,Billing,True
1095,456cd4a9-fc90-4a4c-b091-d2d79ad960a1,Andrew Jenkins,2026-05-16 14:55:48.589770,Saturday,14,32,Service,False
1096,5b158f47-e830-4fe1-b488-f19a0ccc6568,Andre Adkins,2026-05-10 07:43:42.387929,Sunday,7,5,Service,True
1097,84fd4f1e-6915-4952-b2c0-b30e403ef484,Javier Miller,2026-04-20 13:32:59.798438,Monday,13,25,Service,False
1098,cba75fbe-1f1b-4e3c-b055-2e518d5500f9,John Montgomery,2026-04-25 06:10:16.892450,Saturday,6,5,Account,True
1099,a6031c1f-ea42-4782-aa11-2b989f9fc69a,Kathleen Chandler,2026-05-12 06:00:54.609818,Tuesday,6,14,Account,True
1100,5aef3926-07fa-43c1-98b5-a812a8239b53,Jeffery Terry,2026-04-27 21:51:19.048006,Monday,21,17,Account,True
1101,bbdb7f59-5b75-4b26-a727-20cd4a83fc4d,Susan Dennis,2026-05-06 01:22:02.151563,Wednesday,1,14,Technical,True
1102,bb34c0f3-17cd-424f-ad4c-1283a6b32384,Brian Ford,2026-05-02 10:09:23.776369,Saturday,10,27,Billing,False
1103,6fc4f73c-889b-41f3-9509-354c1ce45201,Gordon Morales,2026-04-29 18:43:55.221684,Wednesday,18,5,Technical,True
1104,ee5e6279-44c4-4b6c-9aaf-1087899614d0,Dustin Peters,2026-05-08 23:34:30.703425,Friday,23,18,Technical,False
1105,81ea8090-8ce1-4a33-b162-2493bbec42b6,Cameron Calhoun,2026-05-07 19:34:14.900627,Thursday,19,2,Account,False
1106,e2363756-0ca9-4fdf-a17b-55ffd3effd4f,Michele Cross,2026-05-07 08:45:39.768143,Thursday,8,5,Account,True
1107,99313e08-ccad-4e68-aba3-6c3e107897a1,Kari Murphy,2026-04-23 14:01:23.155535,Thursday,14,26,Account,True
1108,8123ca85-b343-498c-a45d-c1b136549032,Sabrina Miller,2026-05-16 08:52:34.516872,Saturday,8,5,Technical,True
1109,d1241c2f-2c87-4cbe-94ce-b100f7a508f1,Brian Tyler,2026-04-30 23:54:35.100196,Thursday,23,7,Account,False
1110,b2afcb48-6b05-4850-a8be-bbd061df0c32,Lorraine Hester,2026-04-19 18:20:39.117877,Sunday,18,15,Service,False
1111,43f9a3eb-b747-4a11-bc27-2daaf724c8ad,Brenda Clark,2026-04-26 00:18:47.301318,Sunday,0,10,Account,False
1112,853de3e7-a399-431d-b740-62e675d81165,Lindsay Sloan,2026-04-22 04:14:14.200765,Wednesday,4,4,Technical,True
1113,f9e64818-15d7-4e2a-b637-327bc0de4d09,Jennifer Fisher,2026-04-22 21:42:05.261217,Wednesday,21,14,Technical,True
1114,adbd89ad-a00e-4e6d-b41d-4e9a0182ff5b,Steven Oliver,2026-04-24 08:27:36.394804,Friday,8,28,Service,False
1115,c617d543-33b2-4902-bbf6-311a4927f1bd,Jessica Doyle,2026-04-30 20:44:18.360410,Thursday,20,4,Service,True
1116,56fef63f-f9c9-4f5c-87df-d505eefd99ab,Laura Rubio,2026-04-22 16:36:32.704344,Wednesday,16,31,Billing,True
1117,6b87620f-9b87-42af-be77-d5180fc55a55,Mary Brown,2026-05-10 09:57:21.508820,Sunday,9,28,Account,True
1118,2e109c8c-bacf-493c-8db7-be5614442f6e,Thomas Mann,2026-05-12 17:11:13.776294,Tuesday,17,13,Service,True
1119,60749b87-ff19-4469-b138-f90beb0bf98b,Hector Rice,2026-04-28 05:15:18.186036,Tuesday,5,8,Account,True
1120,420625ea-3733-4194-b1d1-b6a74b9f5fcb,Martin Thompson,2026-05-10 08:45:29.950170,Sunday,8,10,Account,True
1121,f29b6f1c-9849-42cc-a41b-d84494c4cfa1,Lori Lowe,2026-05-11 23:05:33.600148,Monday,23,22,Billing,True
1122,05fb10a7-3e38-4f1a-946a-5381042da517,Xavier Hill,2026-05-12 04:19:37.912754,Tuesday,4,13,Service,True
1123,3911f1bf-f705-49f9-b908-1706a588ad8b,Matthew Allen,2026-04-20 23:55:24.105829,Monday,23,15,Billing,True
1124,7be18707-36bc-4130-93e0-b076659854f7,Stephanie Huff,2026-04-25 21:19:24.999840,Saturday,21,15,Service,True
1125,1e0dca27-bc64-4352-8b1a-050b88f8f052,Robert Robinson,2026-04-28 03:25:15.188511,Tuesday,3,10,Technical,False
1126,d46ba476-85ad-41cd-ab3f-0cc0ed310b3f,William Ellis,2026-05-13 17:50:32.071709,Wednesday,17,36,Billing,True
1127,2d085c9d-61e6-4871-a235-50d5fa99a7cc,Todd Smith,2026-04-30 02:44:09.500913,Thursday,2,4,Billing,False
1128,155d1300-48ae-4512-955b-ade1f5bd3195,Sandra Shaw,2026-05-07 14:28:10.887466,Thursday,14,23,Billing,True
1129,7ad7d401-ca8b-4b17-85ca-af4993bd9e2b,Roberto Stevens,2026-05-13 15:17:23.039996,Wednesday,15,20,Account,False
1130,934c35cf-db3b-49d8-adcc-a77751ac606e,Matthew Gonzalez,2026-05-01 09:52:40.086652,Friday,9,19,Billing,True
1131,ed24063a-5197-4957-b80b-55381610fa70,Sara Oliver,2026-05-04 06:10:55.072350,Monday,6,22,Service,False
1132,6de9fcc7-cc30-4123-8b29-9c2e58197d90,Ryan Marshall,2026-05-07 17:55:03.686647,Thursday,17,23,Account,False
1133,0cc6f130-a35a-4f18-8b38-054ad181e527,Barbara Jackson,2026-05-13 11:59:13.620844,Wednesday,11,37,Service,False
1134,c8e507c6-5ef6-457d-8c0d-45dde0641ea0,Amber Mckay,2026-04-20 02:31:47.199205,Monday,2,16,Service,True
1135,822ead83-a68f-42d8-8108-57bd8d76daf7,Joshua Ramirez,2026-04-21 08:46:44.536392,Tuesday,8,8,Service,False
1136,ad01d838-f429-4daf-a5b3-2c6c29064262,Sierra Ellis,2026-04-29 14:31:47.771166,Wednesday,14,42,Technical,False
1137,0211afaf-d7a8-4a8c-80f3-f288967382f3,John Turner,2026-05-10 00:27:52.804232,Sunday,0,2,Account,False
1138,51faefbb-d884-464c-a1e6-08cae1a1218b,Joseph Simmons,2026-04-26 11:58:01.695747,Sunday,11,19,Account,True
1139,1547f043-70ba-43f3-a069-70cf123898ed,Christina Taylor,2026-04-23 00:32:13.746881,Thursday,0,10,Account,False
1140,d8315b4f-a276-4b30-b509-d0f133517504,John Elliott,2026-04-20 20:45:57.608683,Monday,20,27,Billing,True
1141,da8a1396-39c0-49c3-9888-461e7d88b166,Emily Anderson,2026-05-11 19:16:00.718915,Monday,19,16,Billing,False
1142,e51723ab-de1f-4cae-8a2f-1878ece1cc4a,Robert Stone,2026-05-12 15:12:37.003564,Tuesday,15,39,Account,False
1143,44227bda-3cf2-4e64-9b21-0ebc9521b05a,William Adams,2026-04-26 02:26:27.382731,Sunday,2,14,Technical,False
1144,57818c4d-f591-4c88-950b-3ad191f4624a,Matthew Brown,2026-05-07 22:47:04.134863,Thursday,22,10,Technical,True
1145,89bdb96b-0241-4e50-9066-2da7f6ff3df6,Terry Stone,2026-05-17 08:10:13.892768,Sunday,8,11,Technical,True
1146,c5f57e9a-2ffc-44f3-adaf-eaa63231a924,Jason Schmidt,2026-04-26 21:58:14.800016,Sunday,21,8,Account,False
1147,98aa51be-902f-413e-b90e-f894b0fd3985,Matthew Jenkins,2026-04-30 10:59:31.278812,Thursday,10,15,Billing,True
1148,67e7164f-4aae-4c82-8544-49a8ee039cfc,Brandon Holmes,2026-04-19 16:40:13.278261,Sunday,16,19,Billing,True
1149,69b92a99-c45d-4bd7-b051-a85fc070b909,Jose Krause,2026-04-20 09:20:09.417664,Monday,9,43,Technical,True
1150,088ba7e6-835b-496e-95c9-c5636fa4d5cb,Matthew Pineda,2026-04-30 07:17:57.928676,Thursday,7,9,Service,True
1151,39715b8f-3ffb-4640-ae84-6008358b28a0,Nicole Baxter,2026-04-30 06:01:11.530576,Thursday,6,8,Technical,True
1152,aa4a001a-9bf6-4db5-a90d-d0d33fd84637,Karla Smith,2026-04-21 21:26:26.739500,Tuesday,21,8,Service,True
1153,0ccb165f-e3d8-4235-9ec0-1b668bc1dd67,Timothy Harris,2026-04-20 04:21:33.244432,Monday,4,15,Technical,True
1154,9d57afcd-dd98-49f1-a380-6ae1e6b5183c,Caleb Holmes,2026-04-29 01:11:20.089001,Wednesday,1,15,Technical,False
1155,a1233ed8-644e-46d2-b7ed-90b0b59e4250,Christie Friedman,2026-05-12 19:49:09.840822,Tuesday,19,5,Billing,False
1156,503188eb-617d-46a8-a7f8-da81d787c88b,Scott Brock,2026-05-12 05:51:29.102122,Tuesday,5,13,Service,False
1157,d08a61df-1489-45e8-89b2-7f23397c3070,Brent Wilson,2026-04-22 16:05:24.553373,Wednesday,16,15,Billing,True
1158,ad1a5941-1c9e-4d70-b9af-ea54e290fb94,Wayne Taylor,2026-05-11 08:30:54.647720,Monday,8,27,Billing,True
1159,0a232feb-3af0-4ec6-bbda-5fbe4b25685b,Roger Marshall,2026-04-28 03:35:55.585069,Tuesday,3,3,Billing,True
1160,501bc9d3-781e-4174-929c-804b82ec8b9f,Matthew Hughes,2026-05-11 08:39:30.551494,Monday,8,16,Account,False
1161,531740f4-a73a-4610-a774-d3a972250f5a,Tracey Rowland,2026-05-18 12:17:19.531858,Monday,12,24,Technical,False
1162,219966e1-64b0-4804-af3e-610b62c71b96,Scott Evans,2026-05-08 11:20:52.347027,Friday,11,28,Technical,False
1163,0ff0040f-70dc-497d-87cc-b8540bec21d6,James Walker,2026-04-22 15:26:39.301629,Wednesday,15,44,Billing,False
1164,4ee8e9ec-9f2a-4012-ab34-b256ad50740c,Christopher Hawkins,2026-04-27 10:18:09.397301,Monday,10,37,Technical,False
1165,1f37ac64-3c89-47ac-9491-91440859db3c,Zachary Byrd,2026-04-25 13:04:29.349781,Saturday,13,41,Service,True
1166,b77eb3d4-20fe-43a3-825d-ccdb5f537259,Frank Lowery,2026-04-27 06:44:41.733029,Monday,6,25,Billing,False
1167,6ba7d3c1-1c46-414c-816c-ddbc8c0a4dd8,James Larson,2026-04-21 18:55:08.493735,Tuesday,18,2,Billing,True
1168,f2c07902-68fe-48fa-b9dd-05f297d6ccb5,Martin Schmidt,2026-04-30 12:09:23.415324,Thursday,12,11,Service,True
1169,a9d796a8-ba88-4a72-9e65-528114f971b9,Carolyn Sanchez,2026-04-20 04:51:32.555451,Monday,4,21,Billing,False
1170,b3e0f41a-341f-4529-ad75-c30e07bc6641,Terry Smith,2026-05-15 01:50:34.052018,Friday,1,12,Service,True
1171,16149c3b-ef02-428f-8f85-1738d7e7d615,Emily Johnson,2026-05-10 15:32:36.346000,Sunday,15,45,Service,False
1172,458dfa0e-d57a-45a8-adad-9d15bba5fe3f,Natasha Wagner,2026-04-26 10:56:23.314149,Sunday,10,25,Technical,True
1173,3ee28fe9-0be6-4024-a112-d2d18e5d684c,Molly Ochoa,2026-05-15 21:25:46.305597,Friday,21,10,Billing,True
1174,1abfd003-701c-41cc-8012-7f0d49d16e5e,Alejandro Mathis,2026-04-28 09:00:04.843868,Tuesday,9,40,Service,True
1175,dc65b64c-27eb-47a3-86df-d2863ebb0445,Sheila Roberts,2026-05-09 06:27:46.489690,Saturday,6,6,Account,True
1176,0115924a-39e2-4fc4-b9ca-1f83f0161e50,Erin Howard,2026-05-10 08:08:10.911161,Sunday,8,13,Service,False
1177,81cf2b32-8d6b-4b57-94e2-6c00238ea842,Lori Lewis,2026-05-06 14:13:51.830566,Wednesday,14,42,Billing,True
1178,f9a154db-ffd8-418d-bb2a-93b629773ed6,Joseph Hoover,2026-04-24 10:48:48.948456,Friday,10,22,Technical,True
1179,284aad8e-c44e-4cf8-927a-a3e63e8de5f3,Joel Williams,2026-05-10 19:59:59.433855,Sunday,19,11,Technical,False
1180,6a032d54-638b-4167-8e13-47d8004b4520,John Bryant,2026-04-25 10:02:29.497876,Saturday,10,35,Technical,True
1181,8dec57cc-7747-4e7c-8135-fb7ef4859727,Jacob Jennings,2026-04-29 10:30:52.634773,Wednesday,10,17,Technical,True
1182,03d723db-06c7-49d9-bb40-f641b913fa89,Elizabeth Bartlett,2026-05-12 13:59:50.432523,Tuesday,13,12,Billing,True
1183,f7b5e85f-14d7-4391-8b6e-aca9d1562dde,Joe Smith,2026-04-24 10:06:27.570407,Friday,10,23,Billing,False
1184,c9b22505-a50e-41e4-a2e1-f2417dfcd14a,Jason Pineda,2026-04-30 08:50:57.203575,Thursday,8,2,Technical,False
1185,b6da6d55-3077-4243-a0c3-664112777245,Corey Santiago,2026-04-29 07:02:48.633895,Wednesday,7,2,Billing,False
1186,d2ed6d31-a285-4b43-9e65-76cb6d85f0dc,Angela Thompson MD,2026-05-17 07:08:28.717163,Sunday,7,7,Technical,True
1187,94474099-e1f6-4804-8e1d-e3f9bf73bde8,Jennifer Gibbs,2026-05-14 01:21:21.769606,Thursday,1,9,Service,False
1188,7177d8de-1758-4a23-b623-5ac6d69a403f,Daniel Williams,2026-05-18 01:11:28.487217,Monday,1,17,Billing,True
1189,9d765b5c-146b-44a5-867f-967f4e0cded2,Zachary Garcia,2026-04-18 15:25:27.447018,Saturday,15,28,Technical,False
1190,c8af5bc5-ceac-45e1-8f7b-f87dd3f02791,Dustin Davis,2026-04-22 06:10:04.266159,Wednesday,6,10,Technical,True
1191,e7a62cbf-d6f4-42e9-9721-0ccd14fa1521,Anne Williamson,2026-05-07 11:21:56.604969,Thursday,11,45,Technical,False
1192,461d55bf-a014-4656-ab16-97244f0255d2,Jesus Meyers,2026-05-08 06:31:04.178886,Friday,6,15,Service,False
1193,be2f382d-8b79-490e-89de-1e58da602bd5,Jacqueline Adams,2026-05-08 23:14:30.709313,Friday,23,20,Billing,False
1194,f72714de-b04b-49d9-82dd-5790fdd23a7b,Cody Ruiz,2026-05-17 03:28:58.383069,Sunday,3,10,Technical,False
1195,9660c67c-486b-4a55-9581-c035e1f76183,Thomas Frye,2026-04-23 05:56:44.255502,Thursday,5,15,Technical,True
1196,6aae5a05-9626-424e-a2ae-07040d29abe3,Ronald Ryan,2026-04-21 18:49:52.269801,Tuesday,18,4,Service,True
1197,782b0d00-e231-44f9-9ff8-da5e64634bfe,Russell Sullivan,2026-04-23 19:45:06.718141,Thursday,19,15,Service,True
1198,f0f91929-f558-4665-ac1f-51416b57f3ea,Teresa Burgess,2026-05-16 22:01:21.628372,Saturday,22,12,Technical,True
1199,0bfeb946-b1c3-48a3-9f7c-83854441450b,Eric Swanson,2026-04-29 02:58:15.380716,Wednesday,2,11,Billing,True
1200,fce96139-b82c-4326-bf84-0e0fb8d736e3,Daniel Boyd,2026-05-17 21:12:08.438272,Sunday,21,7,Technical,False
